CREATE DATABASE  IF NOT EXISTS `nisumplanner` /*!40100 DEFAULT CHARACTER SET utf8 */;
USE `nisumplanner`;
-- MySQL dump 10.13  Distrib 5.6.17, for Win64 (x86_64)
--
-- Host: us-cdbr-iron-east-01.cleardb.net    Database: nisumplanner
-- ------------------------------------------------------
-- Server version	5.5.40-log

/*!40101 SET @OLD_CHARACTER_SET_CLIENT=@@CHARACTER_SET_CLIENT */;
/*!40101 SET @OLD_CHARACTER_SET_RESULTS=@@CHARACTER_SET_RESULTS */;
/*!40101 SET @OLD_COLLATION_CONNECTION=@@COLLATION_CONNECTION */;
/*!40101 SET NAMES utf8 */;
/*!40103 SET @OLD_TIME_ZONE=@@TIME_ZONE */;
/*!40103 SET TIME_ZONE='+00:00' */;
/*!40014 SET @OLD_UNIQUE_CHECKS=@@UNIQUE_CHECKS, UNIQUE_CHECKS=0 */;
/*!40014 SET @OLD_FOREIGN_KEY_CHECKS=@@FOREIGN_KEY_CHECKS, FOREIGN_KEY_CHECKS=0 */;
/*!40101 SET @OLD_SQL_MODE=@@SQL_MODE, SQL_MODE='NO_AUTO_VALUE_ON_ZERO' */;
/*!40111 SET @OLD_SQL_NOTES=@@SQL_NOTES, SQL_NOTES=0 */;

--
-- Table structure for table `loghistory`
--

DROP TABLE IF EXISTS `loghistory`;
/*!40101 SET @saved_cs_client     = @@character_set_client */;
/*!40101 SET character_set_client = utf8 */;
CREATE TABLE `loghistory` (
  `id` int(11) NOT NULL AUTO_INCREMENT,
  `logid` int(11) NOT NULL,
  `projectid` int(11) NOT NULL,
  `iteration` int(20) NOT NULL,
  `story` varchar(100) DEFAULT NULL,
  `status` int(11) DEFAULT NULL,
  `startdate` datetime DEFAULT NULL,
  `enddate` datetime DEFAULT NULL,
  `userid` int(11) DEFAULT NULL,
  `loggeduser` int(11) NOT NULL,
  `description` varchar(256) NOT NULL,
  `createddate` datetime NOT NULL,
  `editdate` datetime NOT NULL,
  `locked` tinyint(1) NOT NULL DEFAULT '1',
  `lockrequest` tinyint(1) NOT NULL DEFAULT '0',
  PRIMARY KEY (`id`),
  KEY `projectid` (`projectid`),
  KEY `userid` (`userid`),
  KEY `loggeduser` (`loggeduser`),
  KEY `loghistory_ibfk_4` (`status`),
  CONSTRAINT `loghistory_ibfk_4` FOREIGN KEY (`status`) REFERENCES `logstatus` (`id`),
  CONSTRAINT `loghistory_ibfk_1` FOREIGN KEY (`projectid`) REFERENCES `project` (`id`),
  CONSTRAINT `loghistory_ibfk_2` FOREIGN KEY (`userid`) REFERENCES `users` (`id`),
  CONSTRAINT `loghistory_ibfk_3` FOREIGN KEY (`loggeduser`) REFERENCES `users` (`id`)
) ENGINE=InnoDB AUTO_INCREMENT=291 DEFAULT CHARSET=latin1;
/*!40101 SET character_set_client = @saved_cs_client */;

--
-- Dumping data for table `loghistory`
--

LOCK TABLES `loghistory` WRITE;
/*!40000 ALTER TABLE `loghistory` DISABLE KEYS */;
INSERT INTO `loghistory` VALUES (1,3,3,0,'',NULL,'2014-10-21 11:00:00','2014-10-21 18:00:00',13,13,'working on deploying resource tracker app to clud foundry','2014-10-21 11:19:15','2014-10-22 10:12:32',0,0),(11,3,3,0,'',NULL,'2014-10-21 11:00:00','2014-10-21 18:00:00',13,13,'working on deploying resource tracker app to clud foundry.','2014-10-21 11:19:15','2014-10-27 10:19:00',0,0),(21,161,31,0,'',NULL,'2014-10-30 22:00:00','2014-10-30 23:00:00',13,13,'Updated app with status messages','2014-10-28 15:27:50','2014-10-28 15:31:46',0,0),(31,21,31,0,'',NULL,'2014-10-16 14:00:00','2014-10-16 16:00:00',13,13,'holiday- WFH','2014-10-22 10:26:56','2014-10-29 10:47:31',0,0),(41,11,31,0,'',NULL,'2014-10-22 10:55:00','2014-10-22 19:00:00',13,13,'Working on cloud foundry account for the RT app','2014-10-22 10:25:34','2014-10-29 10:47:35',0,0),(51,801,31,0,'',NULL,'2014-11-03 12:00:00','2014-11-03 20:00:00',13,13,'Working on report - code review','2014-11-03 07:00:22','2014-11-03 07:08:12',0,0),(61,1621,3,1421,'B-02478 Credit card radio button functionality',NULL,'2014-11-06 13:47:00','2014-11-06 19:30:00',71,71,'User has to see credit card radio button when he lands on the payment page as guest. \n','2014-11-06 08:19:36','2014-11-07 07:19:29',0,0),(71,1631,3,1421,'B-02478 Credit card radio button functionality',NULL,'2014-11-06 13:47:00','2014-11-06 19:30:00',71,71,'User has to see credit card radio button when he lands on the payment page as guest. \n','2014-11-06 08:19:36','2014-11-07 07:19:35',0,0),(81,991,3,1420,'1495',NULL,'2014-11-04 10:00:00','2014-11-04 14:00:00',131,131,'Working one  lookup error message for cancel USL ID. ','2014-11-04 05:04:20','2014-11-07 06:46:30',0,0),(91,2111,51,1422,'MCOMUI: Guest Payment page: Credit card related fields',NULL,'2014-11-10 10:45:00','2014-11-10 19:30:00',71,71,'Billing address fields behavior based on selecting Credit card radio button','2014-11-10 05:44:50','2014-11-10 18:50:38',0,0),(101,2351,3,1421,'Defect #3107. story #2449',NULL,'2014-11-10 16:00:00','2014-11-10 17:45:00',141,141,'updating specs for the code changes of above tasks and committing','2014-11-10 11:02:22','2014-11-10 18:48:17',0,0),(111,751,3,1420,'2065',NULL,'2014-11-03 10:40:00','2014-11-03 14:30:00',131,131,'sending Register card value to ShopApp.','2014-11-03 06:51:18','2014-11-10 18:45:42',0,0),(121,761,3,1420,'2606',NULL,'2014-11-03 14:45:00','2014-11-03 18:30:00',131,131,'Apply validation on submit for preferences page.','2014-11-03 06:52:02','2014-11-10 18:45:45',0,0),(131,1261,3,1420,'1533',NULL,'2014-11-05 10:30:00','2014-11-05 18:30:00',131,131,'Working on display error message on apply reedem','2014-11-05 05:48:17','2014-11-10 18:45:49',0,0),(141,1551,3,1421,'3109',NULL,'2014-11-06 10:00:00','2014-11-06 14:00:00',131,131,'Working on defect.','2014-11-06 06:32:25','2014-11-10 18:45:52',0,0),(151,3141,3,123,'123',2,'2014-11-12 19:16:00','2014-11-12 21:16:00',13,13,'CR','2014-11-12 15:46:38','2014-11-12 15:47:29',0,0),(161,2271,3,1421,'Code coverage',NULL,'2014-11-10 10:00:00','2014-11-10 19:00:00',51,51,'','2014-11-10 06:15:29','2014-11-10 18:47:25',0,0),(171,2491,61,1421,'B-02616',NULL,'2014-11-11 11:00:00','2014-11-11 20:00:00',161,161,'AAL :: TECH UI : Display Wish Lists on PDP','2014-11-11 05:47:09','2014-11-13 06:23:44',0,0),(181,2251,61,1421,'B-01176',NULL,'2014-11-10 11:20:00','2014-11-10 19:00:00',161,161,'UI : Add to Any List on PDP','2014-11-10 06:01:03','2014-11-13 06:23:47',0,0),(191,3091,3,0,'',NULL,'2014-11-12 17:30:00','2014-11-12 20:00:00',141,141,'working on updating redeem points validations','2014-11-12 13:21:25','2014-11-13 06:19:32',0,0),(201,2221,121,0,'',NULL,'2014-11-06 09:30:00','2014-11-06 18:30:00',171,171,'Training under JQuery and RequireJS','2014-11-10 05:51:04','2014-11-14 06:28:03',0,0),(211,3261,3,1421,'3134',11,'2014-11-11 10:00:00','2014-11-11 19:00:00',51,51,'USL Section display in ie 8& 9 browsers','2014-11-13 06:26:07','2014-11-14 06:56:45',0,0),(221,3071,61,1421,'1177',NULL,'2014-11-12 11:00:00','2014-11-12 19:49:00',161,161,'Working test cases','2014-11-12 11:22:13','2014-11-14 07:25:22',0,0),(231,2911,3,0,'0',NULL,'2014-11-11 15:12:00','2014-11-11 20:20:00',121,121,'Working on preferences confirmation page','2014-11-12 04:44:11','2014-11-14 07:25:42',0,0),(241,2241,13,0,'0',NULL,'2014-11-10 11:15:00','2014-11-10 13:00:00',121,121,'Date of birth prepopulation in enrollment','2014-11-10 05:54:04','2014-11-13 06:23:25',0,0),(251,3151,31,1422,'Nisum planner implementation',1,'2014-11-12 09:41:00','2014-11-12 21:00:00',13,13,'Dev is in progress','2014-11-12 17:42:59','2014-11-13 06:20:35',0,0),(261,2891,23,1121,'1234',NULL,'2014-11-11 10:38:00','2014-11-11 14:38:00',13,13,'Been working on this story. ','2014-11-11 18:38:58','2014-11-12 15:59:02',0,0),(271,801,31,0,'',NULL,'2014-11-03 11:59:00','2014-11-03 20:00:00',13,13,'Working on report - code review','2014-11-03 07:00:22','2014-11-07 07:08:12',0,0),(281,821,31,0,'',NULL,'2014-11-02 12:00:00','2014-11-02 18:31:00',13,13,'code reviews','2014-11-03 07:01:38','2014-11-07 07:08:16',0,0);
/*!40000 ALTER TABLE `loghistory` ENABLE KEYS */;
UNLOCK TABLES;

--
-- Table structure for table `logs`
--

DROP TABLE IF EXISTS `logs`;
/*!40101 SET @saved_cs_client     = @@character_set_client */;
/*!40101 SET character_set_client = utf8 */;
CREATE TABLE `logs` (
  `id` int(11) NOT NULL AUTO_INCREMENT,
  `projectid` int(11) NOT NULL,
  `iteration` int(20) NOT NULL,
  `story` varchar(100) DEFAULT NULL,
  `status` int(11) DEFAULT NULL,
  `startdate` datetime DEFAULT NULL,
  `enddate` datetime DEFAULT NULL,
  `userid` int(11) DEFAULT NULL,
  `loggeduser` int(11) NOT NULL,
  `description` varchar(256) NOT NULL,
  `createddate` datetime NOT NULL,
  `editdate` datetime NOT NULL,
  `locked` tinyint(1) NOT NULL DEFAULT '1',
  `lockrequest` tinyint(1) NOT NULL DEFAULT '0',
  PRIMARY KEY (`id`),
  KEY `logs_ibfk_1` (`projectid`),
  KEY `userid` (`userid`),
  KEY `loggeduser` (`loggeduser`),
  KEY `logs_ibfk_4` (`status`),
  CONSTRAINT `logs_ibfk_4` FOREIGN KEY (`status`) REFERENCES `logstatus` (`id`),
  CONSTRAINT `logs_ibfk_1` FOREIGN KEY (`projectid`) REFERENCES `project` (`id`),
  CONSTRAINT `logs_ibfk_2` FOREIGN KEY (`userid`) REFERENCES `users` (`id`),
  CONSTRAINT `logs_ibfk_3` FOREIGN KEY (`loggeduser`) REFERENCES `users` (`id`)
) ENGINE=InnoDB AUTO_INCREMENT=4521 DEFAULT CHARSET=latin1;
/*!40101 SET character_set_client = @saved_cs_client */;

--
-- Dumping data for table `logs`
--

LOCK TABLES `logs` WRITE;
/*!40000 ALTER TABLE `logs` DISABLE KEYS */;
INSERT INTO `logs` VALUES (3,31,0,'',NULL,'2014-10-21 11:00:00','2014-10-21 18:00:00',13,13,'working on deploying resource tracker app to clud foundry.','2014-10-21 11:19:15','2014-10-27 10:53:40',1,0),(11,31,0,'',NULL,'2014-10-22 10:55:00','2014-10-22 19:00:00',13,13,'Working on cloud foundry account for the RT app','2014-10-22 10:25:34','2014-10-30 13:59:48',1,0),(21,31,0,'',NULL,'2014-10-16 14:00:00','2014-10-16 16:00:00',13,13,'holiday- WFH','2014-10-22 10:26:56','2014-11-13 08:36:11',0,0),(31,3,1420,'54',NULL,'2014-10-27 10:00:00','2014-10-27 12:00:00',21,21,'To complete date validations','2014-10-26 08:48:15','0000-00-00 00:00:00',1,0),(41,13,1420,'2066',NULL,'2014-10-27 10:25:00','2014-10-27 20:00:00',41,41,'','2014-10-27 04:56:30','0000-00-00 00:00:00',1,0),(51,13,1420,'3000',NULL,'2014-10-24 10:26:00','2014-10-24 19:00:00',41,41,'Defect\n','2014-10-27 04:57:04','0000-00-00 00:00:00',1,0),(61,13,1420,'1880',NULL,'2014-10-27 10:00:00','2014-10-27 19:00:00',61,61,'Ocwallet : Credit card code re-factoring.','2014-10-27 04:58:00','0000-00-00 00:00:00',1,0),(71,31,0,'',NULL,'2014-10-27 11:00:00','2014-10-27 20:00:00',13,13,'working on app. Updated app name from Resource Tracker to Nisum Planner','2014-10-27 10:17:52','0000-00-00 00:00:00',1,0),(81,13,1420,'1535',NULL,'2014-10-24 11:00:00','2014-10-24 20:00:00',31,31,'Code refactoring','2014-10-27 11:56:27','0000-00-00 00:00:00',1,0),(91,13,1420,'1535',NULL,'2014-10-22 10:00:00','2014-10-22 20:00:00',31,31,'Code refactoring and attend call with Srinivas Gangapurkar','2014-10-27 11:57:22','0000-00-00 00:00:00',1,0),(101,13,1419,'1535',NULL,'2014-10-21 10:00:00','2014-10-21 20:00:00',31,31,'Code refactoring and attend call with Srinivas Gangapurkar','2014-10-27 11:58:04','0000-00-00 00:00:00',1,0),(111,13,1419,'5555',NULL,'2014-10-20 11:00:00','2014-10-20 20:00:00',31,31,'Working on sonar issues','2014-10-27 11:58:53','0000-00-00 00:00:00',1,0),(121,13,1420,'1111',NULL,'2014-10-23 10:00:00','2014-10-23 19:00:00',31,31,'Diwali Holiday','2014-10-27 11:59:34','0000-00-00 00:00:00',1,0),(131,31,0,'',NULL,'2014-10-28 11:00:00','2014-10-28 20:30:00',13,13,'Working on issues/features','2014-10-28 06:47:27','0000-00-00 00:00:00',1,0),(141,71,1420,'1880',NULL,'2014-10-28 10:00:00','2014-10-28 19:00:00',61,61,'CreditCard Code refactoring.','2014-10-28 07:01:06','0000-00-00 00:00:00',1,0),(151,13,1420,'3004',NULL,'2014-10-28 09:48:00','2014-10-28 19:08:00',41,41,'IE9 defect and code changes in Summary page ','2014-10-28 10:19:43','0000-00-00 00:00:00',1,0),(161,31,0,'',NULL,'2014-10-29 22:00:00','2014-10-29 23:00:00',13,13,'Updated app with status messages','2014-10-28 15:27:50','2014-10-28 15:32:44',1,0),(171,71,1420,'1880',NULL,'2014-10-29 10:00:00','2014-10-29 19:00:00',61,61,'working on the Wallet Refactoring','2014-10-29 10:00:18','0000-00-00 00:00:00',1,0),(181,51,1420,'01236',NULL,'2014-10-29 10:30:00','2014-10-29 19:30:00',71,71,'Worked on B-01236 and working on Handlebars','2014-10-29 10:03:20','0000-00-00 00:00:00',1,0),(191,61,1420,'1402',NULL,'2014-10-29 15:39:00','2014-10-29 20:00:00',161,161,'UI-TECH: Filter by Available Items - SIL','2014-10-29 10:10:48','0000-00-00 00:00:00',1,0),(201,3,1420,'977',NULL,'2014-10-29 10:00:00','2014-10-29 19:00:00',81,81,'Validation frame work','2014-10-29 12:29:39','0000-00-00 00:00:00',1,0),(211,41,1420,'1251',NULL,'2014-10-29 10:40:00','2014-10-29 20:30:00',91,91,'BCOM UI :: Guest, >=1000 Points in Bag.','2014-10-29 12:33:21','0000-00-00 00:00:00',1,0),(221,61,1420,'01015',NULL,'2014-10-29 00:00:00','2014-10-29 21:00:00',21,21,'UI-TECH: Filter list by purchased items - SIL,\nWorked on filter logic from UI side. ','2014-10-29 17:45:15','0000-00-00 00:00:00',1,0),(231,61,1420,'01015',NULL,'2014-10-29 10:45:00','2014-10-29 12:00:00',21,21,'Wishlist code walk through.','2014-10-29 17:46:42','0000-00-00 00:00:00',1,0),(241,13,1420,'0',NULL,'2014-10-29 09:30:00','2014-10-29 19:30:00',41,41,'done code refactoring in Events,Enroll and Dynamic Form','2014-10-30 05:29:52','0000-00-00 00:00:00',1,0),(251,61,1420,'01015',NULL,'2014-10-30 10:57:00','2014-10-30 19:30:00',21,21,'UI-TECH: Filter list by purchased items - SIL','2014-10-30 05:30:33','0000-00-00 00:00:00',1,0),(261,13,1420,'0',NULL,'2014-10-30 09:30:00','2014-10-30 19:30:00',41,41,'','2014-10-30 05:30:42','0000-00-00 00:00:00',1,0),(271,13,1420,'0',NULL,'2014-10-30 09:30:00','2014-10-30 19:30:00',41,41,'','2014-10-30 05:30:42','0000-00-00 00:00:00',1,0),(281,13,1420,'2270',NULL,'2014-10-30 10:57:00','2014-10-30 13:00:00',141,141,'Order Confirmation page: Display messages when Points can not be calculated. \n','2014-10-30 05:32:00','2014-10-30 08:57:25',1,1),(291,13,1420,'2270',NULL,'2014-10-30 10:57:00','2014-10-30 13:00:00',141,141,'Order Confirmation page: Display messages when Points can not be calculated. \n','2014-10-30 05:32:01','0000-00-00 00:00:00',1,0),(301,13,1420,'2270',NULL,'2014-10-30 10:57:00','2014-10-30 13:00:00',141,141,'Order Confirmation page: Display messages when Points can not be calculated. \n','2014-10-30 05:32:01','0000-00-00 00:00:00',1,0),(311,13,1420,'2270',NULL,'2014-10-30 10:57:00','2014-10-30 13:00:00',141,141,'Order Confirmation page: Display messages when Points can not be calculated. \n','2014-10-30 05:32:01','0000-00-00 00:00:00',1,0),(321,13,1420,'2270',NULL,'2014-10-30 10:57:00','2014-10-30 13:00:00',141,141,'Order Confirmation page: Display messages when Points can not be calculated. \n','2014-10-30 05:32:01','0000-00-00 00:00:00',1,0),(331,13,1420,'2270',NULL,'2014-10-30 10:57:00','2014-10-30 13:00:00',141,141,'Order Confirmation page: Display messages when Points can not be calculated. \n','2014-10-30 05:32:01','0000-00-00 00:00:00',1,0),(341,13,1420,'2270',NULL,'2014-10-30 10:57:00','2014-10-30 13:00:00',141,141,'Order Confirmation page: Display messages when Points can not be calculated. \n','2014-10-30 05:32:01','0000-00-00 00:00:00',1,0),(351,71,1420,'1880',NULL,'2014-10-30 10:00:00','2014-10-30 19:00:00',61,61,'Refactoring jscode and  Working on 2437 story ','2014-10-30 05:39:51','0000-00-00 00:00:00',1,0),(361,3,1420,'0',NULL,'2014-10-30 10:00:00','2014-10-30 11:00:00',111,111,'Meeting with onsite team','2014-10-30 05:41:47','0000-00-00 00:00:00',1,0),(371,13,1421,'1495',NULL,'2014-09-30 11:15:00','2014-09-30 13:00:00',51,51,'working on look up in checkout pages','2014-10-30 05:45:53','0000-00-00 00:00:00',1,0),(381,61,1420,'1015',NULL,'2014-10-30 11:25:00','2014-10-30 19:00:00',161,161,'UI-TECH: Filter list by purchased items - SIL','2014-10-30 05:57:18','0000-00-00 00:00:00',1,0),(391,13,0,'0',NULL,'2014-10-30 10:00:00','2014-10-30 11:27:00',121,121,'Taking new clone','2014-10-30 05:58:30','0000-00-00 00:00:00',1,0),(401,31,0,'',NULL,'2014-10-29 11:00:00','2014-10-29 19:00:00',13,13,'Working on adding dynamic status messages','2014-10-30 06:02:32','0000-00-00 00:00:00',1,0),(411,31,0,'',NULL,'2014-10-30 11:00:00','2014-10-30 19:00:00',13,13,'Working on adding dynamic status messages and some minor issues','2014-10-30 06:03:20','0000-00-00 00:00:00',1,0),(421,3,1420,'2065',NULL,'2014-10-30 14:30:00','2014-10-30 18:30:00',131,131,'Working on 2065 story','2014-10-30 08:48:27','0000-00-00 00:00:00',1,0),(431,23,0,'',NULL,'2014-10-30 10:30:00','2014-10-30 19:30:00',71,71,'Working on new requirement in SDD regarding ajax loading icon with text.','2014-10-30 09:06:14','0000-00-00 00:00:00',1,0),(441,41,1420,'2803',NULL,'2014-10-30 11:00:00','2014-10-30 20:30:00',91,91,'Kill Switch for Checkout and need to replace the link url with respect to the user type','2014-10-30 09:10:46','0000-00-00 00:00:00',1,0),(451,51,1420,'01236',NULL,'2014-10-30 10:00:00','2014-10-30 18:00:00',31,31,'Call with Srinivas Gangapurkar. Initial set-up for paypal project.','2014-10-30 11:44:16','0000-00-00 00:00:00',1,0),(461,13,1420,'1535',NULL,'2014-10-27 11:00:00','2014-10-27 20:00:00',31,31,'Code refactoring','2014-10-30 11:51:39','0000-00-00 00:00:00',1,0),(471,13,1420,'1535',NULL,'2014-10-28 10:33:00','2014-10-28 20:00:00',31,31,'Code Refactoring for CheckoutLoyalty.js','2014-10-30 11:52:33','0000-00-00 00:00:00',1,0),(481,51,1420,'01236',NULL,'2014-10-29 11:00:00','2014-10-29 20:00:00',31,31,'Working on initial set-up for Paypal','2014-10-30 11:53:59','0000-00-00 00:00:00',1,0),(491,3,1420,'977',NULL,'2014-10-30 10:40:00','2014-10-30 12:30:00',131,131,'Manual testing','2014-10-30 12:40:26','0000-00-00 00:00:00',1,0),(501,51,1420,'01236',NULL,'2014-10-30 06:00:00','2014-10-30 19:15:00',31,31,'Working on displaying PayPal tender if feature flag is true','2014-10-30 13:36:05','0000-00-00 00:00:00',1,0),(511,91,0,'0',NULL,'2014-10-31 10:00:00','2014-10-31 11:30:00',121,121,'building macysUI and ShopNServe','2014-10-31 05:17:23','0000-00-00 00:00:00',1,0),(521,61,1420,'01015, 01016',NULL,'2014-10-31 11:16:00','2014-10-31 14:00:00',21,21,'UI-TECH: Filter list by purchased items - SIL, GSIL','2014-10-31 05:47:56','0000-00-00 00:00:00',1,0),(531,61,1420,'01015',NULL,'2014-10-31 14:00:00','2014-10-31 17:30:00',21,21,'Code Review ','2014-10-31 05:48:48','0000-00-00 00:00:00',1,0),(541,61,1420,'01015,01016',NULL,'2014-10-31 17:30:00','2014-10-31 19:30:00',21,21,'UI-TECH: Filter list by purchased items - SIL','2014-10-31 05:49:16','0000-00-00 00:00:00',1,0),(551,71,1420,'2437',NULL,'2014-10-31 10:30:00','2014-10-31 19:00:00',61,61,'Working on story 2437 on wallet page. Removing old files and renaming file names as like creditcards.','2014-10-31 05:58:04','0000-00-00 00:00:00',1,0),(561,3,1420,'2065',NULL,'2014-10-31 11:00:00','2014-10-31 14:00:00',131,131,'Working on displaying credit card list in preferences page.','2014-10-31 06:00:05','0000-00-00 00:00:00',1,0),(571,3,1420,'2606',NULL,'2014-10-31 14:30:00','2014-10-31 18:30:00',131,131,'Working on client side validation on submit','2014-10-31 06:01:22','0000-00-00 00:00:00',1,0),(581,61,1420,'B-01015',NULL,'2014-10-31 11:00:00','2014-10-31 19:00:00',161,161,'UI-TECH: Filter list by purchased items - SIL','2014-10-31 06:55:12','0000-00-00 00:00:00',1,0),(591,13,1420,'validation',NULL,'2014-10-30 10:41:00','2014-10-30 13:41:00',81,81,'','2014-10-31 07:12:51','0000-00-00 00:00:00',1,0),(601,3,0,'',NULL,'2014-10-30 12:42:00','2014-10-30 14:42:00',81,81,'SST','2014-10-31 07:13:07','0000-00-00 00:00:00',1,0),(611,13,0,'',NULL,'2014-10-31 09:30:00','2014-10-31 12:43:00',81,81,'','2014-10-31 07:13:25','0000-00-00 00:00:00',1,0),(621,51,1420,'B-01236',NULL,'2014-10-31 10:40:00','2014-10-31 14:00:00',31,31,'Working on displaying paypal tender type option in payment page if feature flag is true','2014-10-31 07:18:28','0000-00-00 00:00:00',1,0),(631,31,0,'',NULL,'2014-10-31 12:00:00','2014-10-31 20:00:00',13,13,'Issues resolving','2014-10-31 08:00:47','0000-00-00 00:00:00',1,0),(641,3,1420,'2068',NULL,'2014-10-31 10:30:00','2014-10-31 12:30:00',41,41,'Checking AC for Remove functionality which is finished','2014-10-31 08:17:36','0000-00-00 00:00:00',1,0),(651,13,1420,'0',NULL,'2014-10-31 13:30:00','2014-10-31 14:30:00',41,41,'Committing changes for Form Fields of Enroll.js','2014-10-31 08:18:38','0000-00-00 00:00:00',1,0),(661,13,0,'0',NULL,'2014-10-31 16:00:00','2014-10-31 18:37:00',121,121,'checking issue of DOB in enrollment','2014-10-31 13:09:15','0000-00-00 00:00:00',1,0),(671,3,0,'0',NULL,'2014-10-31 15:00:00','2014-10-31 16:00:00',121,121,'going for inducton training','2014-10-31 13:10:24','0000-00-00 00:00:00',1,0),(681,51,1420,'B-01236',NULL,'2014-10-31 14:00:00','2014-10-31 17:00:00',31,31,'Code review meeting','2014-10-31 13:34:17','0000-00-00 00:00:00',1,0),(691,13,1420,'next iteration stories',NULL,'2014-11-03 11:15:00','2014-11-03 14:35:00',141,141,'Analyzing next iteration stories','2014-11-03 06:06:58','0000-00-00 00:00:00',1,0),(701,71,1420,'2437',NULL,'2014-11-03 10:00:00','2014-11-03 19:00:00',61,61,'Display store start/end dates for SUPCs and Star Pass offers At checkout page and WalletPage','2014-11-03 06:12:55','0000-00-00 00:00:00',1,0),(711,61,1420,'1163, 1161',NULL,'2014-11-03 10:30:00','2014-11-03 19:30:00',21,21,'B :: PT : UI : Filter list by purchased items - SIL, GSIL','2014-11-03 06:21:28','0000-00-00 00:00:00',1,0),(721,61,1420,'Self presentations',NULL,'2014-11-03 10:40:00','2014-11-03 19:30:00',161,21,'Working on handlebars presentation ','2014-11-03 06:23:27','0000-00-00 00:00:00',1,0),(731,3,1420,'self training',NULL,'2014-11-03 10:40:00','2014-11-03 19:30:00',161,21,'Handlebars - Presentation.','2014-11-03 06:25:03','0000-00-00 00:00:00',1,0),(741,41,1420,'Self training',NULL,'2014-11-03 10:30:00','2014-11-03 19:30:00',171,21,'working on requirejs.','2014-11-03 06:27:12','2014-11-14 06:27:51',0,0),(751,13,1420,'2065',NULL,'2014-11-03 10:40:00','2014-11-03 14:30:00',131,131,'sending Register card value to ShopApp.','2014-11-03 06:51:18','2014-11-11 06:57:46',1,0),(761,13,1420,'2606',NULL,'2014-11-03 14:45:00','2014-11-03 18:30:00',131,131,'Apply validation on submit for preferences page.','2014-11-03 06:52:02','2014-11-11 06:57:52',1,0),(771,13,1420,'3092',NULL,'2014-11-03 10:30:00','2014-11-03 12:30:00',41,41,'','2014-11-03 06:53:31','0000-00-00 00:00:00',1,0),(781,13,1420,'2270',NULL,'2014-11-03 10:00:00','2014-11-03 18:00:00',51,51,'error messages in checkout order confirm page','2014-11-03 06:57:56','0000-00-00 00:00:00',1,0),(791,13,1420,'Validation Module integration.',NULL,'2014-11-03 10:26:00','2014-11-03 13:00:00',81,81,'Integrated module , but need to verify all the validations','2014-11-03 06:58:21','0000-00-00 00:00:00',1,0),(801,31,0,'',NULL,'2014-11-03 11:59:00','2014-11-03 20:00:00',13,13,'Working on report - code review update','2014-11-03 07:00:22','2014-11-20 13:36:09',1,0),(811,31,0,'',NULL,'2014-11-01 12:00:00','2014-11-01 18:30:00',13,13,'code reviews','2014-11-03 07:01:27','0000-00-00 00:00:00',1,0),(821,31,0,'',NULL,'2014-11-02 12:00:00','2014-11-02 18:31:00',13,13,'code reviews','2014-11-03 07:01:38','2014-11-20 13:36:25',1,0),(831,41,1420,'2803',NULL,'2014-11-03 12:05:00','2014-11-03 21:00:00',91,91,'Kill switch for checkout','2014-11-03 09:12:39','0000-00-00 00:00:00',1,0),(841,41,1421,'2549',NULL,'2014-11-03 12:05:00','2014-11-03 21:00:00',91,91,'BCOM: Signed In, Not a Loyallist, Has BCC, =<4999 Points','2014-11-03 09:13:49','0000-00-00 00:00:00',1,0),(851,51,1420,'1535',NULL,'2014-11-03 11:00:00','2014-11-03 13:00:00',31,31,'Next iteration stories analysis and estimation','2014-11-03 09:16:16','0000-00-00 00:00:00',1,0),(861,13,1420,'1535',NULL,'2014-11-03 14:00:00','2014-11-03 18:00:00',31,31,'Code cleaning for CheckoutLoyalty JS file','2014-11-03 09:17:07','0000-00-00 00:00:00',1,0),(871,51,1420,'B-01236 Paypal radio button based on killswitch',NULL,'2014-11-03 10:30:00','2014-11-03 12:00:00',71,71,'Wanted to see the code changes that were committed on friday in current build and Unit test the story.','2014-11-03 09:17:34','0000-00-00 00:00:00',1,0),(881,51,1420,'Next Iteration stories',NULL,'2014-11-03 12:30:00','2014-11-03 19:30:00',71,71,'Want to analyze and start working on Paypal next iteration stories','2014-11-03 09:18:40','0000-00-00 00:00:00',1,0),(891,13,1420,'Analyzing ShopApp dependencies',NULL,'2014-11-03 14:15:00','2014-11-03 18:27:00',141,141,'Analyzing ShopApp dependencies for next iteration stories','2014-11-03 13:00:09','0000-00-00 00:00:00',1,0),(901,13,1420,'1605',NULL,'2014-11-03 14:00:00','2014-11-03 16:00:00',41,41,'Worked on removing error icon on marketing section in Preferences Page','2014-11-03 13:13:29','0000-00-00 00:00:00',1,0),(911,81,0,'website updates',NULL,'2014-11-03 10:00:00','2014-11-03 12:30:00',101,101,'Re-design the flow chart Images.','2014-11-03 13:14:13','0000-00-00 00:00:00',1,0),(921,13,1420,'1605',NULL,'2014-11-03 16:30:00','2014-11-03 19:30:00',41,41,'TestCases for preferences.js for marketing section','2014-11-03 13:15:37','0000-00-00 00:00:00',1,0),(931,81,0,'Requirement discussions',NULL,'2014-11-03 12:30:00','2014-11-03 13:30:00',101,101,'UI Support on Edge App.','2014-11-03 13:15:39','0000-00-00 00:00:00',1,0),(941,81,0,'website updates',NULL,'2014-11-03 14:30:00','2014-11-03 19:30:00',101,101,'Re-design the flow chart images.','2014-11-03 13:17:46','0000-00-00 00:00:00',1,0),(951,81,0,'website updates',NULL,'2014-11-03 14:30:00','2014-11-03 19:30:00',101,101,'Re-design the flow chart images.','2014-11-03 13:17:46','0000-00-00 00:00:00',1,0),(961,13,1420,'1535',NULL,'2014-11-03 18:00:00','2014-11-03 19:30:00',31,31,'Code cleaning in checkoutLoyalty JS file','2014-11-03 13:27:45','0000-00-00 00:00:00',1,0),(971,13,0,'',NULL,'2014-11-03 14:16:00','2014-11-03 17:16:00',81,81,'validation code review','2014-11-03 14:46:44','0000-00-00 00:00:00',1,0),(981,71,0,'',NULL,'2014-11-03 17:16:00','2014-11-03 20:16:00',81,81,'looked after the wallet code changes','2014-11-03 14:47:27','0000-00-00 00:00:00',1,0),(991,13,1420,'1495',NULL,'2014-11-04 10:00:00','2014-11-04 18:00:00',131,131,'Working one  lookup error message for cancel USL ID. ','2014-11-04 05:04:20','2014-11-10 07:55:11',1,0),(1001,13,0,'0',NULL,'2014-11-03 11:30:00','2014-11-03 13:00:00',121,121,'building','2014-11-04 05:23:48','0000-00-00 00:00:00',1,0),(1011,13,1420,'defect #3093',NULL,'2014-11-04 10:45:00','2014-11-04 13:00:00',141,141,'Working on defect #3093','2014-11-04 05:24:15','0000-00-00 00:00:00',1,0),(1021,13,0,'0',NULL,'2014-11-03 16:00:00','2014-11-03 19:45:00',121,121,'Checkout Confirmation','2014-11-04 05:26:14','0000-00-00 00:00:00',1,0),(1031,13,0,'0',NULL,'2014-11-04 09:45:00','2014-11-04 11:00:00',121,121,'building','2014-11-04 05:27:08','0000-00-00 00:00:00',1,0),(1041,13,0,'2726',NULL,'2014-11-04 11:04:00','2014-11-04 13:04:00',121,121,'tooltip in shipping payment','2014-11-04 05:35:15','0000-00-00 00:00:00',1,0),(1051,41,1421,'2546',NULL,'2014-11-04 10:35:00','2014-11-04 20:30:00',91,91,'Working on Signed In, Not a Loyallist, No BCC, =<999 Points in Bag and test cases','2014-11-04 05:35:15','0000-00-00 00:00:00',1,0),(1061,13,1420,'1420',NULL,'2014-11-04 10:30:00','2014-11-04 11:30:00',41,41,'Checking Issue of Displaying loyaltySection in Myaccount Page','2014-11-04 05:36:07','0000-00-00 00:00:00',1,0),(1071,71,1420,'2437',NULL,'2014-11-04 10:10:00','2014-11-04 19:00:00',61,61,'Displayig storeoffersdate for supc and starpass. Working on Renaming offers files.','2014-11-04 05:43:24','0000-00-00 00:00:00',1,0),(1081,71,1420,'2437',NULL,'2014-11-04 10:10:00','2014-11-04 19:00:00',61,61,'Displayig storeoffersdate for supc and starpass. Working on Renaming offers files.','2014-11-04 05:43:25','0000-00-00 00:00:00',1,0),(1091,71,1420,'2437',NULL,'2014-11-04 10:10:00','2014-11-04 19:00:00',61,61,'Displayig storeoffersdate for supc and starpass. Working on Renaming offers files.','2014-11-04 05:43:25','0000-00-00 00:00:00',1,0),(1101,71,1420,'2437',NULL,'2014-11-04 10:10:00','2014-11-04 19:00:00',61,61,'Displayig storeoffersdate for supc and starpass. Working on Renaming offers files.','2014-11-04 05:43:25','0000-00-00 00:00:00',1,0),(1111,71,1420,'2437',NULL,'2014-11-04 10:10:00','2014-11-04 19:00:00',61,61,'Displayig storeoffersdate for supc and starpass. Working on Renaming offers files.','2014-11-04 05:43:25','0000-00-00 00:00:00',1,0),(1121,51,1420,'B-02480',NULL,'2014-11-04 11:05:00','2014-11-04 19:30:00',71,71,'Wanted to play around with Jasmine test cases and work on the Paypal next iteration stories','2014-11-04 05:46:21','0000-00-00 00:00:00',1,0),(1131,61,1420,'B-01163',NULL,'2014-11-04 10:00:00','2014-11-04 19:00:00',161,161,'UI : Filter list by purchased items - SIL','2014-11-04 05:48:00','0000-00-00 00:00:00',1,0),(1141,13,1420,'2270',NULL,'2014-11-04 10:00:00','2014-11-04 19:00:00',51,51,'working on code coverage','2014-11-04 06:40:38','0000-00-00 00:00:00',1,0),(1151,13,1420,'Defect #3093',NULL,'2014-11-04 14:24:00','2014-11-04 17:20:00',141,141,'Continuing to work on defect, slowed due to network issue and other defect raised due to code refactor','2014-11-04 08:56:09','0000-00-00 00:00:00',1,0),(1161,13,1420,'1535',NULL,'2014-11-04 11:00:00','2014-11-04 18:00:00',31,31,'code re-factoring','2014-11-04 09:18:30','0000-00-00 00:00:00',1,0),(1171,31,1,'UI look and feel',NULL,'2014-11-03 10:00:00','2014-11-03 19:00:00',191,191,'','2014-11-04 09:59:47','0000-00-00 00:00:00',1,0),(1181,13,1420,'Defect #3093',NULL,'2014-11-04 17:30:00','2014-11-04 19:30:00',141,141,'Still working, fixed other defect which blocked this defect.','2014-11-04 12:19:06','0000-00-00 00:00:00',1,0),(1191,13,1420,'validation for marketing section',NULL,'2014-11-04 12:00:00','2014-11-04 18:00:00',41,41,'removal of tooltip even correct if there is correct value in input field and working on specs.','2014-11-04 12:53:30','0000-00-00 00:00:00',1,0),(1201,13,0,'0',NULL,'2014-11-04 14:00:00','2014-11-04 19:00:00',121,121,'Testing confirmation page','2014-11-04 13:03:35','0000-00-00 00:00:00',1,0),(1211,13,0,'Loader issue',NULL,'2014-11-04 10:30:00','2014-11-04 12:00:00',101,101,'Looking into the Loader image issue.','2014-11-04 13:35:35','0000-00-00 00:00:00',1,0),(1221,81,0,'',NULL,'2014-11-04 12:00:00','2014-11-04 19:30:00',101,101,'OSI Websites Images work & updates.','2014-11-04 13:38:27','0000-00-00 00:00:00',1,0),(1231,71,1421,'3023',NULL,'2014-11-05 10:30:00','2014-11-05 19:30:00',61,61,'Working displaying error message for special characters','2014-11-05 05:01:11','0000-00-00 00:00:00',1,0),(1241,51,1421,'Ground work analysis for Paypal-01244',NULL,'2014-11-05 10:37:00','2014-11-05 19:30:00',71,71,'Need to analyze the UI implementation for Paypal','2014-11-05 05:12:39','0000-00-00 00:00:00',1,0),(1251,13,1421,'Defect #3093',NULL,'2014-11-05 10:45:00','2014-11-05 13:00:00',141,141,'working on defect #3093','2014-11-05 05:29:10','0000-00-00 00:00:00',1,0),(1261,13,1420,'1533',NULL,'2014-11-05 10:30:00','2014-11-05 18:30:00',131,131,'Working on display error message on apply reedem','2014-11-05 05:48:17','2014-11-11 06:58:46',1,0),(1271,3,0,'0',NULL,'2014-11-05 10:00:00','2014-11-05 11:55:00',121,121,'build','2014-11-05 06:36:29','0000-00-00 00:00:00',1,0),(1281,13,1420,'2642',NULL,'2014-11-05 10:50:00','2014-11-05 13:00:00',41,41,'Analyzing the story and dependencies.','2014-11-05 07:05:09','0000-00-00 00:00:00',1,0),(1291,61,1420,'B-01161',NULL,'2014-11-05 10:40:00','2014-11-05 19:00:00',161,161,'UI : Filter by purchased items - GSIL','2014-11-05 08:16:53','0000-00-00 00:00:00',1,0),(1301,111,0,'',NULL,'2014-11-04 10:50:00','2014-11-04 20:50:00',81,81,'','2014-11-05 08:20:26','0000-00-00 00:00:00',1,0),(1311,71,1420,'Code reviewed',NULL,'2014-11-05 22:10:00','2014-11-05 23:11:00',81,81,'','2014-11-05 08:21:28','0000-00-00 00:00:00',1,0),(1321,13,1421,'2729',NULL,'2014-11-05 00:00:00','2014-11-05 18:30:00',121,121,'Call associate Registered Card to USL when flag is true on set Macys preferences page','2014-11-05 08:26:46','0000-00-00 00:00:00',1,0),(1331,13,1421,'1534',NULL,'2014-11-05 10:00:00','2014-11-05 19:00:00',111,111,'','2014-11-05 09:18:12','0000-00-00 00:00:00',1,0),(1341,13,0,'',NULL,'2014-11-05 10:00:00','2014-11-05 20:00:00',51,51,'Defects and code coverage','2014-11-05 09:23:25','0000-00-00 00:00:00',1,0),(1351,13,1421,'Defect #3107',NULL,'2014-11-05 14:30:00','2014-11-05 16:30:00',141,141,'working on session timeout defect in checkout lookup','2014-11-05 09:24:12','0000-00-00 00:00:00',1,0),(1361,41,1421,'2546,2547',NULL,'2014-11-05 11:05:00','2014-11-05 20:30:00',91,91,'Working on the SignedIn scenarios for points calculation in BLM Enhancements.','2014-11-05 09:32:49','0000-00-00 00:00:00',1,0),(1371,61,1420,'1163 1161 1165 1167 1169 1171',NULL,'2014-11-04 10:00:00','2014-11-04 23:00:00',21,21,'Worked on Filter stories. ','2014-11-05 09:39:01','0000-00-00 00:00:00',1,0),(1381,61,1421,'1163',NULL,'2014-11-05 14:30:00','2014-11-05 17:30:00',21,21,'Checking additional scenarios for Purchase filter.','2014-11-05 09:40:21','0000-00-00 00:00:00',1,0),(1391,3,1421,'1163 1161',NULL,'2014-11-05 17:30:00','2014-11-05 20:30:00',21,21,'Need to update test cases.','2014-11-05 09:40:48','0000-00-00 00:00:00',1,0),(1401,131,1420,'I PAD issue',NULL,'2014-11-05 11:44:00','2014-11-05 19:00:00',81,81,'Exploring IPAD issue','2014-11-05 11:17:32','0000-00-00 00:00:00',1,0),(1411,131,0,'',NULL,'2014-11-05 11:00:00','2014-11-05 19:00:00',31,31,'Production issue in tablet : Guest Payment page','2014-11-05 11:48:14','0000-00-00 00:00:00',1,0),(1421,13,1420,'testcases',NULL,'2014-11-05 16:00:00','2014-11-05 19:00:00',41,41,'working on  testcases for preferences','2014-11-05 13:30:05','0000-00-00 00:00:00',1,0),(1431,13,1420,'2642',NULL,'2014-11-05 14:00:00','2014-11-05 15:30:00',41,41,'coding without shoppapp properties and checking the story','2014-11-05 13:31:20','0000-00-00 00:00:00',1,0),(1441,61,1421,'1163',NULL,'2014-11-06 10:02:00','2014-11-06 11:00:00',21,21,'Working on testcases','2014-11-06 04:34:56','0000-00-00 00:00:00',1,0),(1451,151,1421,'1161',NULL,'2014-11-06 11:04:00','2014-11-06 12:00:00',21,21,'Bi-Weekly meeting','2014-11-06 04:35:48','0000-00-00 00:00:00',1,0),(1461,61,1421,'1163',NULL,'2014-11-06 12:00:00','2014-11-06 17:00:00',21,21,'Will be working on testcases','2014-11-06 04:36:37','0000-00-00 00:00:00',1,0),(1471,13,1421,'Defects and code coverage',NULL,'2014-11-06 10:00:00','2014-11-06 19:00:00',51,51,'','2014-11-06 04:38:09','0000-00-00 00:00:00',1,0),(1481,61,1421,'2531',NULL,'2014-11-06 17:00:00','2014-11-06 19:30:00',21,21,'Refactor Ajax to New methods using Backbone models','2014-11-06 04:38:26','0000-00-00 00:00:00',1,0),(1491,31,0,'',NULL,'2014-11-04 10:00:00','2014-11-04 18:00:00',191,191,'','2014-11-06 05:34:27','0000-00-00 00:00:00',1,0),(1501,31,0,'',NULL,'2014-11-05 10:00:00','2014-11-05 18:00:00',191,191,'','2014-11-06 05:35:00','0000-00-00 00:00:00',1,0),(1511,61,1421,'B-02531',NULL,'2014-11-06 11:00:00','2014-11-06 19:00:00',161,161,'Working on test cases for wishlist filter functionality','2014-11-06 06:00:30','0000-00-00 00:00:00',1,0),(1521,13,1421,'2642',NULL,'2014-11-06 10:00:00','2014-11-06 13:00:00',41,41,'adding UI cahnges required and committing.','2014-11-06 06:11:35','0000-00-00 00:00:00',1,0),(1531,13,1421,'2642',NULL,'2014-11-06 10:00:00','2014-11-06 13:00:00',41,41,'adding UI cahnges required and committing.','2014-11-06 06:11:35','0000-00-00 00:00:00',1,0),(1541,71,1421,'2437',NULL,'2014-11-06 10:20:00','2014-11-06 19:20:00',61,61,'MCOM UI: Display store start/end dates for SUPCs and Star Pass offers','2014-11-06 06:12:55','0000-00-00 00:00:00',1,0),(1551,13,1421,'3109',NULL,'2014-11-06 10:00:00','2014-11-06 18:30:00',131,131,'Working on defect.','2014-11-06 06:32:25','2014-11-11 07:01:42',1,0),(1561,151,0,'',NULL,'2014-11-06 10:00:00','2014-11-06 23:15:00',81,81,'Weekly status meetings','2014-11-06 06:41:18','0000-00-00 00:00:00',1,0),(1571,131,0,'',NULL,'2014-11-06 12:11:00','2014-11-06 13:11:00',81,81,'IPAD issue','2014-11-06 06:41:41','0000-00-00 00:00:00',1,0),(1581,13,0,'0',NULL,'2014-11-06 10:00:00','2014-11-06 11:29:00',121,121,'build','2014-11-06 07:00:22','0000-00-00 00:00:00',1,0),(1591,13,0,'0',NULL,'2014-11-06 11:30:00','2014-11-06 15:30:00',121,121,'Testing checkout confirmation properties','2014-11-06 07:01:44','0000-00-00 00:00:00',1,0),(1601,13,1421,'Defect #3107',NULL,'2014-11-06 11:17:00','2014-11-06 16:30:00',141,141,'working and testing session timeout issue in USL','2014-11-06 07:19:57','0000-00-00 00:00:00',1,0),(1611,51,0,'',NULL,'2014-11-06 11:00:00','2014-11-06 13:00:00',71,71,'Need to attend Paypal story and wire frames walk through','2014-11-06 08:17:49','0000-00-00 00:00:00',1,0),(1621,51,1421,'B-02478 Credit card radio button functionality',NULL,'2014-11-06 13:47:00','2014-11-06 19:30:00',71,71,'User has to see credit card radio button when he lands on the payment page as guest. \n','2014-11-06 08:19:36','2014-11-10 05:42:31',1,0),(1631,51,1421,'B-02478 Credit card radio button functionality',NULL,'2014-11-06 13:47:00','2014-11-06 19:30:00',71,71,'User has to see credit card radio button when he lands on the payment page as guest. \n','2014-11-06 08:19:36','2014-11-10 05:42:40',1,0),(1641,41,1421,'2546,2547',NULL,'2014-11-06 10:50:00','2014-11-06 19:30:00',91,91,'Working on the SignedIn Scenarios for points table calculations and applying CSS for the same','2014-11-06 08:22:52','0000-00-00 00:00:00',1,0),(1651,13,1421,'3098',NULL,'2014-11-06 14:00:00','2014-11-06 16:00:00',41,41,'Checking the issue in Preferences Page','2014-11-06 09:37:03','0000-00-00 00:00:00',1,0),(1661,51,0,'',NULL,'2014-11-06 11:00:00','2014-11-06 13:00:00',31,31,'PayPal Business walk through','2014-11-06 09:38:31','0000-00-00 00:00:00',1,0),(1671,13,1421,'Code refactoring',NULL,'2014-11-06 14:00:00','2014-11-06 16:00:00',31,31,'Code refactoring','2014-11-06 09:39:09','0000-00-00 00:00:00',1,0),(1681,51,1421,'Current Iteration stories',NULL,'2014-11-06 16:00:00','2014-11-06 18:00:00',31,31,'Need to check and set up initial code for paypal','2014-11-06 09:46:39','0000-00-00 00:00:00',1,0),(1691,13,0,'0',NULL,'2014-11-06 15:30:00','2014-11-06 18:30:00',121,121,'Testing shippingpayment page for disabiliy senarios','2014-11-06 11:56:13','0000-00-00 00:00:00',1,0),(1701,31,0,'',NULL,'2014-11-04 11:00:00','2014-11-04 20:00:00',13,13,'Code reviews','2014-11-06 14:16:24','0000-00-00 00:00:00',1,0),(1711,31,0,'',NULL,'2014-11-05 11:00:00','2014-11-05 20:00:00',13,13,'Code reviews','2014-11-06 14:16:39','0000-00-00 00:00:00',1,0),(1721,31,0,'',NULL,'2014-11-06 11:00:00','2014-11-06 19:00:00',13,13,'Code reviews and css updates','2014-11-06 14:17:07','0000-00-00 00:00:00',1,0),(1731,31,0,'',NULL,'2014-11-06 11:00:00','2014-11-06 19:00:00',13,13,'Code reviews and css updates','2014-11-06 14:17:07','0000-00-00 00:00:00',1,0),(1741,71,1421,'#2775 and #3117 Defect.',NULL,'2014-11-07 10:00:00','2014-11-07 19:00:00',61,61,'Working on IE8 Defect and New feature of the wallet section on Account Page.','2014-11-07 04:35:13','0000-00-00 00:00:00',1,0),(1751,31,0,'',NULL,'2014-11-06 15:25:00','2014-11-06 19:25:00',81,81,'supported Sandeep on nisum planner UI issues','2014-11-07 04:55:59','0000-00-00 00:00:00',1,0),(1761,131,0,'',NULL,'2014-11-07 10:26:00','2014-11-07 13:26:00',81,81,'Looking in to IPAD issue','2014-11-07 04:57:27','0000-00-00 00:00:00',1,0),(1771,51,0,'',NULL,'2014-11-07 10:00:00','2014-11-07 19:30:00',71,71,'Need to integrate Paypal UI code and  HUB  code and need to work with Raghavendra(HUB) to make it happen','2014-11-07 05:16:49','0000-00-00 00:00:00',1,0),(1781,51,0,'',NULL,'2014-11-07 10:00:00','2014-11-07 19:30:00',71,71,'Need to integrate Paypal UI code and  HUB  code and need to work with Raghavendra(HUB) to make it happen','2014-11-07 05:16:49','0000-00-00 00:00:00',1,0),(1791,13,0,'0',NULL,'2014-11-07 10:15:00','2014-11-07 11:00:00',121,121,'build','2014-11-07 05:19:06','0000-00-00 00:00:00',1,0),(1801,41,1421,'2547,2549',NULL,'2014-11-07 10:50:00','2014-11-07 19:30:00',91,91,'Working on the SignedIn Scenarios for the rest 2 stories for the iteration','2014-11-07 05:24:30','0000-00-00 00:00:00',1,0),(1811,13,1421,'3034',NULL,'2014-11-07 11:00:00','2014-11-07 19:00:00',131,131,'Working on defect for supporting ie8 browser.','2014-11-07 05:42:13','0000-00-00 00:00:00',1,0),(1821,13,1421,'2462',NULL,'2014-11-07 10:40:00','2014-11-07 15:00:00',41,41,'integrating with shopapp properties','2014-11-07 05:45:54','0000-00-00 00:00:00',1,0),(1831,13,1421,'Defects 3107,3108, Story 2449, ',NULL,'2014-11-07 11:00:00','2014-11-07 19:00:00',141,141,'All related to session timeout scenario in USL','2014-11-07 05:49:26','0000-00-00 00:00:00',1,0),(1841,61,1421,'B-01176',NULL,'2014-11-07 11:00:00','2014-11-07 18:00:00',161,161,'Working on test case for filter functionality','2014-11-07 05:52:13','0000-00-00 00:00:00',1,0),(1851,31,0,'',NULL,'2014-11-07 11:00:00','2014-11-07 19:00:00',13,13,'Working on DB changes - To improve db performance','2014-11-07 05:54:18','0000-00-00 00:00:00',1,0),(1861,13,0,'0',NULL,'2014-11-07 11:00:00','2014-11-07 13:00:00',121,121,'checking usl lookup section','2014-11-07 06:18:26','0000-00-00 00:00:00',1,0),(1871,61,1421,'02616',NULL,'2014-11-07 12:02:00','2014-11-07 17:00:00',21,21,'TECH UI : Display Wish Lists on PDP','2014-11-07 06:34:17','0000-00-00 00:00:00',1,0),(1881,121,1421,'RequireJS',NULL,'2014-11-07 17:00:00','2014-11-07 18:30:00',21,21,'Need to prepare presentation on requirejs','2014-11-07 06:35:06','0000-00-00 00:00:00',1,0),(1891,121,0,'',NULL,'2014-11-07 10:30:00','2014-11-07 19:30:00',231,231,'Self learning on Jquery ','2014-11-07 07:10:33','2014-11-07 07:18:18',0,0),(1901,71,0,'',NULL,'2014-11-07 12:16:00','2014-11-07 14:16:00',81,81,'worked with venkatesh to figure IE8 wallet issue','2014-11-07 08:47:38','0000-00-00 00:00:00',1,0),(1911,13,0,'0',NULL,'2014-11-07 15:00:00','2014-11-07 17:45:00',121,121,'Induction training','2014-11-07 09:19:49','0000-00-00 00:00:00',1,0),(1921,131,0,'',NULL,'2014-11-07 10:00:00','2014-11-07 19:00:00',111,111,'Safari ios crash','2014-11-07 09:32:14','0000-00-00 00:00:00',1,0),(1931,131,0,'',NULL,'2014-11-05 15:02:00','2014-11-05 22:00:00',111,111,'Safari ios crash','2014-11-07 09:33:22','0000-00-00 00:00:00',1,0),(1941,111,0,'',NULL,'2014-11-06 10:00:00','2014-11-06 19:00:00',111,111,'PTO','2014-11-07 10:05:45','0000-00-00 00:00:00',1,0),(1951,81,0,'',NULL,'2014-11-06 10:30:00','2014-11-06 20:00:00',101,101,'worked on edge app screens design.','2014-11-07 10:07:33','0000-00-00 00:00:00',1,0),(1961,91,0,'',NULL,'2014-11-05 11:00:00','2014-11-05 12:00:00',101,101,'worked on nisum website updates.','2014-11-07 10:08:23','0000-00-00 00:00:00',1,0),(1971,81,0,'',NULL,'2014-11-05 12:00:00','2014-11-05 16:00:00',101,101,'Started Edge app designs','2014-11-07 10:10:36','0000-00-00 00:00:00',1,0),(1981,81,0,'',NULL,'2014-11-05 16:00:00','2014-11-05 19:30:00',101,101,'OSI website updates.','2014-11-07 10:11:39','0000-00-00 00:00:00',1,0),(1991,31,0,'',NULL,'2014-11-07 14:59:00','2014-11-07 19:00:00',81,81,'Worked on the dash board related issues.','2014-11-07 12:29:50','0000-00-00 00:00:00',1,0),(2001,13,1421,'testcases',NULL,'2014-11-07 15:32:00','2014-11-07 18:50:00',41,41,'working on testcases','2014-11-07 13:02:39','0000-00-00 00:00:00',1,0),(2011,81,0,'',NULL,'2014-11-07 11:00:00','2014-11-07 19:30:00',101,101,'Edge App pages designs.','2014-11-07 13:11:16','0000-00-00 00:00:00',1,0),(2021,13,0,'0',NULL,'2014-11-10 10:15:00','2014-11-10 11:21:00',121,121,'build','2014-11-10 04:53:11','0000-00-00 00:00:00',1,0),(2031,71,1421,'MCOM UI :: Wallet - Promote on My Account Page',NULL,'2014-11-10 10:00:00','2014-11-10 19:00:00',61,61,'Wallet - Promote on My Account Page','2014-11-10 05:18:11','0000-00-00 00:00:00',1,0),(2041,31,0,'',NULL,'2014-11-06 10:00:00','2014-11-06 18:00:00',191,191,'','2014-11-10 05:27:50','0000-00-00 00:00:00',1,0),(2051,31,0,'',NULL,'2014-11-07 10:00:00','2014-11-07 13:00:00',191,191,'','2014-11-10 05:31:20','0000-00-00 00:00:00',1,0),(2061,81,0,'',NULL,'2014-11-07 14:00:00','2014-11-07 18:00:00',191,191,'Website updates','2014-11-10 05:31:47','0000-00-00 00:00:00',1,0),(2071,121,0,'',NULL,'2014-11-08 10:50:00','2014-11-08 20:00:00',231,231,'Self learning on Jquery, task about  task list,menu  hover effect','2014-11-10 05:35:34','0000-00-00 00:00:00',1,0),(2081,13,1421,'2642',NULL,'2014-11-10 10:40:00','2014-11-10 12:30:00',41,41,'','2014-11-10 05:37:56','0000-00-00 00:00:00',1,0),(2091,121,0,'',NULL,'2014-11-10 10:50:00','2014-11-10 20:00:00',231,231,'Self Learning on Jquery,Task about creating task list, Menu Hover effect','2014-11-10 05:38:04','0000-00-00 00:00:00',1,0),(2101,71,1421,'Wallet phase 3 support',NULL,'2014-11-10 10:08:00','2014-11-10 11:30:00',81,81,'supporting team to wallet team on new stories','2014-11-10 05:39:52','0000-00-00 00:00:00',1,0),(2111,51,1422,'MCOMUI: Guest Payment page: Credit card related fields',NULL,'2014-11-10 10:45:00','2014-11-10 12:30:00',71,71,'Billing address fields behavior based on selecting Credit card radio button','2014-11-10 05:44:50','2014-11-11 04:56:00',1,0),(2121,121,0,'',NULL,'2014-11-10 09:35:00','2014-11-10 19:30:00',171,171,'Training under JQuery and RequireJS','2014-11-10 05:45:34','0000-00-00 00:00:00',1,0),(2131,81,0,'',NULL,'2014-11-10 10:15:00','2014-11-10 13:15:00',101,101,'Designing the Edge App screens.','2014-11-10 05:47:01','0000-00-00 00:00:00',1,0),(2141,121,0,'',NULL,'2014-11-01 09:30:00','2014-11-01 19:30:00',171,171,'Training under JQuery and RequireJS','2014-11-10 05:47:32','2014-11-14 06:28:06',0,0),(2151,121,0,'',NULL,'2014-11-02 09:30:00','2014-11-02 19:30:00',171,171,'Training under JQuery and RequireJS','2014-11-10 05:48:00','2014-11-14 06:27:59',0,0),(2161,61,1421,'03639, 03640',NULL,'2014-11-10 10:30:00','2014-11-10 13:00:00',21,21,'Working on filter defects','2014-11-10 05:48:28','0000-00-00 00:00:00',1,0),(2171,121,0,'',NULL,'2014-11-03 09:30:00','2014-11-03 19:30:00',171,171,'Training under JQuery and RequireJS','2014-11-10 05:48:37','2014-11-14 06:27:55',0,0),(2181,121,0,'',NULL,'2014-11-03 09:30:00','2014-11-03 19:30:00',171,171,'Training under JQuery and RequireJS','2014-11-10 05:48:39','0000-00-00 00:00:00',1,0),(2191,61,1421,'2616',NULL,'2014-11-10 14:00:00','2014-11-10 19:30:00',21,21,'B :: AAL :: TECH UI : Display Wish Lists on PDP','2014-11-10 05:49:40','0000-00-00 00:00:00',1,0),(2201,121,0,'',NULL,'2014-11-04 09:30:00','2014-11-04 18:30:00',171,171,'Training under JQuery and RequireJS','2014-11-10 05:49:58','0000-00-00 00:00:00',1,0),(2211,121,0,'',NULL,'2014-11-05 09:30:00','2014-11-05 18:30:00',171,171,'Training under JQuery and RequireJS','2014-11-10 05:50:25','0000-00-00 00:00:00',1,0),(2221,121,0,'Jquery and RequireJS',3,'2014-11-06 09:30:00','2014-11-06 15:00:00',171,171,'Training under JQuery and RequireJS','2014-11-10 05:51:04','2014-11-14 08:49:52',1,0),(2231,121,0,'',NULL,'2014-11-07 09:30:00','2014-11-07 18:30:00',171,171,'Training under JQuery and RequireJS','2014-11-10 05:51:27','0000-00-00 00:00:00',1,0),(2241,13,0,'0',3,'2014-11-10 11:15:00','2014-11-10 19:30:00',121,121,'Date of birth prepopulation in enrollment','2014-11-10 05:54:04','2014-11-18 11:18:29',1,0),(2251,61,1421,'B-01176',NULL,'2014-11-11 11:00:00','2014-11-11 22:00:00',161,161,'UI : Add to Any List on PDP','2014-11-10 06:01:03','2014-11-14 05:27:03',1,0),(2261,13,1421,'Defects and code coverage',NULL,'2014-11-07 10:00:00','2014-11-07 17:30:00',51,51,'Defects and code coverage','2014-11-10 06:14:58','0000-00-00 00:00:00',1,0),(2271,13,1421,'Code coverage',NULL,'2014-11-10 10:00:00','2014-11-10 19:00:00',51,51,'','2014-11-10 06:15:29','2014-11-13 05:22:04',1,0),(2281,41,1421,'2592',NULL,'2014-11-10 11:30:00','2014-11-10 21:00:00',91,91,'Working on story 2592 along with testcases and few more stories assigned for current iteration.','2014-11-10 06:18:13','0000-00-00 00:00:00',1,0),(2291,3,1422,'3128',NULL,'2014-11-08 11:00:00','2014-11-08 14:00:00',131,131,'Working on defect 3128 for masking card on submit.','2014-11-10 06:38:45','2014-11-10 18:45:55',0,0),(2301,13,1421,'616',NULL,'2014-11-10 10:00:00','2014-11-10 19:00:00',111,111,'Tech review','2014-11-10 06:57:03','0000-00-00 00:00:00',1,0),(2311,13,1421,'Defect #3107, Story #2449',NULL,'2014-11-10 12:40:00','2014-11-10 15:30:00',141,141,'Committing the changes by resolving spec issues','2014-11-10 07:11:38','0000-00-00 00:00:00',1,0),(2321,31,0,'',NULL,'2014-11-10 13:00:00','2014-11-10 19:00:00',13,13,'Working on DB performance','2014-11-10 07:46:26','0000-00-00 00:00:00',1,0),(2331,13,1421,'3128',NULL,'2014-11-08 11:10:00','2014-11-08 14:30:00',131,131,'Working on Unable to Lookup by Credit card on Payment page.','2014-11-10 07:54:11','2014-11-10 18:45:58',0,0),(2341,13,1421,'3128',NULL,'2014-11-10 11:00:00','2014-11-10 14:00:00',131,131,'Working on Unable to Lookup by Credit card on Payment page.','2014-11-10 07:56:26','0000-00-00 00:00:00',1,0),(2351,13,1421,'Defect #3107. story #2449',NULL,'2014-11-10 16:00:00','2014-11-10 17:45:00',141,141,'updating specs for the code changes of above tasks and committing','2014-11-10 11:02:22','2014-11-11 05:55:48',1,0),(2361,13,1421,'defects',NULL,'2014-11-10 11:39:00','2014-11-10 19:00:00',81,81,'Working on the defects','2014-11-10 11:10:41','0000-00-00 00:00:00',1,0),(2371,13,1421,'1533',NULL,'2014-11-10 14:00:00','2014-11-10 18:30:00',131,131,'Working on disable apply point section on based on mock data.','2014-11-10 11:15:04','0000-00-00 00:00:00',1,0),(2381,131,0,'',NULL,'2014-11-10 12:30:00','2014-11-10 15:30:00',71,71,'Worked on Order History production issue and given analysis to Roop.','2014-11-10 11:42:20','0000-00-00 00:00:00',1,0),(2391,13,1421,'2449, 3107',NULL,'2014-11-10 18:19:00','2014-11-10 20:19:00',141,141,'updating specs for the code changes of above tasks and committing','2014-11-10 12:50:25','0000-00-00 00:00:00',1,0),(2401,13,0,'',NULL,'2014-11-11 09:30:00','2014-11-11 11:10:00',81,81,'Working on USL Defects','2014-11-11 04:40:43','0000-00-00 00:00:00',1,0),(2411,51,0,'',NULL,'2014-11-10 15:30:00','2014-11-10 19:30:00',71,71,'Billing address fields behavior based on selecting Credit card radio button','2014-11-11 04:57:00','0000-00-00 00:00:00',1,0),(2421,23,1421,'Coremetrics new story for Oops overlay-4631',NULL,'2014-11-11 10:27:00','2014-11-11 15:00:00',71,71,'Need add pageview tag on ajax call failure','2014-11-11 05:01:43','0000-00-00 00:00:00',1,0),(2431,23,1421,'4635- Defect in Coremetrics SDD',NULL,'2014-11-11 15:30:00','2014-11-11 19:30:00',71,71,'Need to fix the attribute 26 defect on pageload for signed in user.','2014-11-11 05:03:05','0000-00-00 00:00:00',1,0),(2441,13,1421,'3135',NULL,'2014-11-11 10:30:00','2014-11-11 15:30:00',41,41,'working on defect and error messages for account page','2014-11-11 05:03:13','2014-11-13 06:17:02',0,0),(2451,121,0,'',NULL,'2014-11-11 10:57:00','2014-11-11 20:00:00',231,231,'Self learning on Jquery, Tasks about sorting of  options in the select box, validation ','2014-11-11 05:30:38','0000-00-00 00:00:00',1,0),(2461,81,0,'',NULL,'2014-11-10 14:00:00','2014-11-10 19:30:00',101,101,'Edge App designs.','2014-11-11 05:42:02','0000-00-00 00:00:00',1,0),(2471,81,0,'',NULL,'2014-11-11 10:30:00','2014-11-11 13:15:00',101,101,'Edge App designs.','2014-11-11 05:42:35','0000-00-00 00:00:00',1,0),(2481,71,1421,'Wallet - Promote on My Account Page',NULL,'2014-11-11 10:00:00','2014-11-11 19:00:00',61,61,'Wallet - Promote on My Account Page','2014-11-11 05:42:48','0000-00-00 00:00:00',1,0),(2491,61,1421,'B-02616',NULL,'2014-11-12 11:00:00','2014-11-12 21:00:00',161,161,'AAL :: TECH UI : Display Wish Lists on PDP','2014-11-11 05:47:09','2014-11-14 05:25:03',1,0),(2501,41,1421,'2553',NULL,'2014-11-11 11:24:00','2014-11-11 20:30:00',91,91,'Working on testcases for the stories','2014-11-11 05:54:56','0000-00-00 00:00:00',1,0),(2511,71,0,'',NULL,'2014-11-11 11:10:00','2014-11-11 11:30:00',81,81,'reviewed code related to my account page wallet changes ','2014-11-11 05:55:03','0000-00-00 00:00:00',1,0),(2521,61,1421,'B-02616',NULL,'2014-11-11 10:30:00','2014-11-11 18:30:00',21,21,'B :: AAL :: TECH UI : Display Wish Lists on PDP','2014-11-11 05:56:47','0000-00-00 00:00:00',1,0),(2531,13,1421,'#3107, #2449',NULL,'2014-11-11 11:15:00','2014-11-11 16:30:00',141,141,'Updating ajax call back in time out scenario and updating specs','2014-11-11 05:58:11','0000-00-00 00:00:00',1,0),(2541,121,0,'',NULL,'2014-11-01 09:30:00','2014-11-01 18:30:00',171,171,'Self training in Jquery and RequireJS','2014-11-11 06:28:40','2014-11-14 06:28:10',0,0),(2551,121,0,'',NULL,'2014-11-11 10:00:00','2014-11-11 19:00:00',171,171,'Self training in JQuery and RequireJS','2014-11-11 06:30:12','0000-00-00 00:00:00',1,0),(2561,121,0,'',NULL,'2014-10-31 10:00:00','2014-10-31 19:00:00',171,171,'Self training in JQuery and RequireJS','2014-11-11 06:30:58','0000-00-00 00:00:00',1,0),(2571,121,0,'',NULL,'2014-10-30 10:00:00','2014-10-30 19:00:00',171,171,'Self training in JQuery and RequireJS','2014-11-11 06:31:31','0000-00-00 00:00:00',1,0),(2581,121,0,'',NULL,'2014-10-29 10:03:00','2014-10-29 20:00:00',171,171,'Self training in JQuery and RequireJS','2014-11-11 06:32:01','0000-00-00 00:00:00',1,0),(2591,121,0,'',NULL,'2014-10-28 09:30:00','2014-10-28 19:00:00',171,171,'Self training in JQuery and RequireJS','2014-11-11 06:32:23','0000-00-00 00:00:00',1,0),(2601,121,0,'',NULL,'2014-10-27 10:00:00','2014-10-27 19:30:00',171,171,'Self training in JQuery and RequireJS','2014-11-11 06:32:41','0000-00-00 00:00:00',1,0),(2611,121,0,'',NULL,'2014-10-20 10:30:00','2014-10-20 19:00:00',171,171,'Training in JQuery','2014-11-11 06:39:49','0000-00-00 00:00:00',1,0),(2621,121,0,'',NULL,'2014-10-21 09:30:00','2014-10-21 19:30:00',171,171,'Training in JQuery','2014-11-11 06:40:10','0000-00-00 00:00:00',1,0),(2631,121,0,'',NULL,'2014-10-22 09:30:00','2014-10-22 19:00:00',171,171,'Training in JQuery','2014-11-11 06:40:28','0000-00-00 00:00:00',1,0),(2641,121,0,'',NULL,'2014-10-24 09:30:00','2014-10-24 19:00:00',171,171,'Training in JQuery','2014-11-11 06:40:55','0000-00-00 00:00:00',1,0),(2651,151,0,'',NULL,'2014-11-11 11:30:00','2014-11-11 12:30:00',131,131,'USL Project meeting','2014-11-11 07:03:02','0000-00-00 00:00:00',1,0),(2661,13,1421,'call',NULL,'2014-11-11 11:30:00','2014-11-11 12:30:00',41,41,'','2014-11-11 09:44:20','0000-00-00 00:00:00',1,0),(2671,13,1421,'Team meeting',NULL,'2014-11-11 14:00:00','2014-11-11 15:00:00',41,41,'','2014-11-11 09:44:39','0000-00-00 00:00:00',1,0),(2681,13,1421,'Error messages in myAccount Page',NULL,'2014-11-11 15:00:00','2014-11-11 17:30:00',41,41,'changes for displaying error messages based on status\nand commiting with updating testcases','2014-11-11 09:47:21','0000-00-00 00:00:00',1,0),(2691,151,0,'',NULL,'2014-11-11 11:17:00','2014-11-11 13:17:00',81,81,'','2014-11-11 09:48:10','0000-00-00 00:00:00',1,0),(2701,151,0,'',NULL,'2014-11-11 14:00:00','2014-11-11 15:00:00',81,81,'Attended  Nisum Planner meeting given by kata','2014-11-11 09:49:03','0000-00-00 00:00:00',1,0),(2711,13,1421,'Working on Observations of Error frame work suggested by Srini on Call',NULL,'2014-11-11 15:19:00','2014-11-11 19:19:00',81,81,'Working on Observations of Error frame work suggested by Srini on Call','2014-11-11 09:49:57','0000-00-00 00:00:00',1,0),(2721,13,1421,'2503',NULL,'2014-11-11 15:55:00','2014-11-11 17:30:00',111,111,'Tech review ','2014-11-11 10:26:50','0000-00-00 00:00:00',1,0),(2731,151,0,'',NULL,'2014-11-11 11:30:00','2014-11-11 13:00:00',111,111,'','2014-11-11 10:29:13','0000-00-00 00:00:00',1,0),(2741,131,1421,'94449',NULL,'2014-11-11 10:00:00','2014-11-11 11:30:00',111,111,'Patch to Test iOS Safari Issue','2014-11-11 10:30:38','0000-00-00 00:00:00',1,0),(2751,111,0,'',NULL,'2014-11-07 10:00:00','2014-11-07 19:00:00',31,31,'','2014-11-11 10:31:18','0000-00-00 00:00:00',1,0),(2761,131,1421,'iOS Safari Issue',NULL,'2014-11-10 11:00:00','2014-11-10 19:00:00',31,31,'Browser is crashing in guest payment page in iOS 8.1 Safari browser.','2014-11-11 10:32:15','0000-00-00 00:00:00',1,0),(2771,151,0,'',NULL,'2014-11-11 14:00:00','2014-11-11 15:00:00',111,111,'Offshore UI Team meeting.\nReview on reporting module and dashboard in Planner application.','2014-11-11 10:32:16','0000-00-00 00:00:00',1,0),(2781,151,1421,'Call with Gangapurkar',NULL,'2014-11-11 11:30:00','2014-11-11 13:00:00',31,31,'Call with Gangapurkar','2014-11-11 10:33:00','0000-00-00 00:00:00',1,0),(2791,151,1421,'Team Meeting',NULL,'2014-11-11 14:00:00','2014-11-11 15:00:00',31,31,'Team Meeting','2014-11-11 10:33:32','0000-00-00 00:00:00',1,0),(2801,131,1421,'94449',NULL,'2014-11-11 16:00:00','2014-11-11 19:00:00',111,111,'Patch to Test iOS Safari Issue','2014-11-11 10:33:33','0000-00-00 00:00:00',1,0),(2811,131,1421,'ECOMSST-39068 : iOS Safari crash issue',NULL,'2014-11-11 15:00:00','2014-11-11 18:00:00',31,31,'Safari browser is being crashed on checkout process on latest IOS version','2014-11-11 10:41:10','0000-00-00 00:00:00',1,0),(2821,151,0,'',NULL,'2014-11-11 14:00:00','2014-11-11 15:00:00',141,141,'new joiners introduction, discussion on nisumplanner ','2014-11-11 10:41:31','0000-00-00 00:00:00',1,0),(2831,131,1421,'New requirement for Checkour',NULL,'2014-11-11 18:00:00','2014-11-11 19:00:00',31,31,'Need code changes to send GWP/PWP indicator for removing an item in the bag','2014-11-11 10:42:05','0000-00-00 00:00:00',1,0),(2841,141,0,'',NULL,'2014-11-11 16:38:00','2014-11-11 18:38:00',13,13,'USL project code review','2014-11-11 11:13:20','0000-00-00 00:00:00',1,0),(2851,31,0,'',NULL,'2014-11-11 16:44:00','2014-11-11 19:44:00',13,13,'','2014-11-11 11:14:48','0000-00-00 00:00:00',1,0),(2861,13,0,'',NULL,'2014-11-11 16:30:00','2014-11-11 17:30:00',141,141,'Testing cred card issue in ipad','2014-11-11 12:17:46','0000-00-00 00:00:00',1,0),(2871,13,0,'',NULL,'2014-11-11 17:30:00','2014-11-11 19:30:00',141,141,'Testing cred card issue in ipad','2014-11-11 14:39:30','0000-00-00 00:00:00',1,0),(2881,13,1421,'977',NULL,'2014-11-11 19:13:00','2014-11-11 21:13:00',81,81,'Worked on the Error frame work Observations','2014-11-11 15:44:27','0000-00-00 00:00:00',1,0),(2891,23,1121,'1234',2,'2014-11-11 10:38:00','2014-11-11 14:38:00',13,13,'Been working on this story. ','2014-11-11 18:38:58','2014-11-20 13:35:49',1,0),(2901,13,0,'0',NULL,'2014-11-11 11:00:00','2014-11-11 12:00:00',121,121,'working on date of birth field in enrollment','2014-11-12 04:42:46','0000-00-00 00:00:00',1,0),(2911,13,0,'0',10,'2014-11-11 15:12:00','2014-11-11 20:20:00',121,121,'Working on preferences confirmation page','2014-11-12 04:44:11','2014-11-18 11:14:05',1,0),(2921,13,1421,'0',NULL,'2014-11-12 10:30:00','2014-11-12 15:15:00',121,121,'working on date of field at submition time in enrollment','2014-11-12 04:46:51','0000-00-00 00:00:00',1,0),(2931,13,1421,'3134',NULL,'2014-11-12 10:20:00','2014-11-12 18:40:00',131,131,'Ie 8 or ie 9 issue.','2014-11-12 05:10:57','0000-00-00 00:00:00',1,0),(2941,51,1421,'Hub Integration',NULL,'2014-11-12 10:20:00','2014-11-12 19:00:00',71,71,'Hub provided values to bind radio buttons and need to provide unique IDs for testing team to run automation scripts','2014-11-12 05:16:36','0000-00-00 00:00:00',1,0),(2951,13,1421,'977',NULL,'2014-11-12 09:46:00','2014-11-12 11:46:00',81,81,'Working on Error frame work integration changes.','2014-11-12 05:17:28','0000-00-00 00:00:00',1,0),(2961,121,0,'',NULL,'2014-11-12 10:56:00','2014-11-12 20:00:00',231,231,'Self learning on Jquery, Tasks about array manipulations using array methods.','2014-11-12 05:28:18','0000-00-00 00:00:00',1,0),(2971,13,1421,'#3107, #2449',NULL,'2014-11-12 11:14:00','2014-11-12 16:00:00',141,141,'Updating ajax call back in time out scenario and updating specs','2014-11-12 05:45:25','0000-00-00 00:00:00',1,0),(2981,81,0,'',NULL,'2014-11-11 15:00:00','2014-11-11 19:30:00',101,101,'','2014-11-12 05:51:52','0000-00-00 00:00:00',1,0),(2991,81,0,'',NULL,'2014-11-12 11:00:00','2014-11-12 12:00:00',101,101,'OSI Website updates.','2014-11-12 05:52:33','0000-00-00 00:00:00',1,0),(3001,71,1421,'3070 and 3073 Defect',NULL,'2014-11-12 10:10:00','2014-11-12 19:10:00',61,61,'Working on MCOM: Coremetrics: Add Wallet to My Account Page Story and ie9 defect.','2014-11-12 06:08:08','0000-00-00 00:00:00',1,0),(3011,61,1421,'2616',NULL,'2014-11-12 11:39:00','2014-11-12 13:00:00',21,21,'B :: AAL :: TECH UI : Display Wish Lists on PDP\n','2014-11-12 06:09:37','0000-00-00 00:00:00',1,0),(3021,61,1421,'2616',NULL,'2014-11-12 14:00:00','2014-11-12 14:30:00',21,21,'B :: AAL :: TECH UI : Display Wish Lists on PDP\n','2014-11-12 06:10:11','0000-00-00 00:00:00',1,0),(3031,61,1421,'Presentation',NULL,'2014-11-12 14:30:00','2014-11-12 15:30:00',21,21,'Presentation on Handlebars by Shiva Shankar','2014-11-12 06:11:09','0000-00-00 00:00:00',1,0),(3041,61,1421,'2616',NULL,'2014-11-12 15:30:00','2014-11-12 20:30:00',21,21,'B :: AAL :: TECH UI : Display Wish Lists on PDP\n','2014-11-12 06:11:32','0000-00-00 00:00:00',1,0),(3051,41,1421,'2553,2546,2547,2548,2549',NULL,'2014-11-12 11:45:00','2014-11-12 21:00:00',91,91,'Working on test cases and coverage for the stories','2014-11-12 06:23:11','0000-00-00 00:00:00',1,0),(3061,13,1421,'Issue with loyalty Summary page',NULL,'2014-11-12 10:40:00','2014-11-12 14:30:00',41,41,'Loyalty Summary page is not loading','2014-11-12 08:37:58','0000-00-00 00:00:00',1,0),(3071,61,1421,'1177',1,'2014-11-10 11:00:00','2014-11-10 19:49:00',161,161,'Working test cases','2014-11-12 11:22:13','2014-11-17 06:06:16',1,0),(3081,13,1421,'#3108',NULL,'2014-11-12 16:15:00','2014-11-12 17:30:00',141,141,'Updating ajax handler spec for updated code','2014-11-12 13:20:18','0000-00-00 00:00:00',1,0),(3091,13,1421,'defect #3150',3,'2014-11-12 17:30:00','2014-11-12 20:00:00',141,141,'working on updating redeem points validations','2014-11-12 13:21:25','2014-11-14 06:41:23',1,0),(3101,131,1421,'39015',NULL,'2014-11-10 16:00:00','2014-11-10 17:00:00',111,111,'MCOM Orders page - \"in transit\" duplicate description','2014-11-12 13:57:27','0000-00-00 00:00:00',1,0),(3111,131,1421,'39068',NULL,'2014-11-12 10:00:00','2014-11-12 20:00:00',111,111,'Safari Crash Issue in moovweb environment ','2014-11-12 13:58:40','0000-00-00 00:00:00',1,0),(3121,81,0,'',NULL,'2014-11-12 12:00:00','2014-11-12 18:00:00',101,101,'Edge App designs.','2014-11-12 14:07:34','0000-00-00 00:00:00',1,0),(3131,3,0,'',NULL,'2014-11-12 11:15:00','2014-11-12 19:15:00',13,13,'added new field  status to log overlay','2014-11-12 15:46:10','0000-00-00 00:00:00',1,0),(3141,3,0,'',NULL,'2014-11-12 19:16:00','2014-11-12 21:16:00',13,13,'Testing project','2014-11-12 15:46:38','2014-11-12 15:59:49',1,0),(3151,31,1422,'Nisum planner implementation',1,'2014-11-12 09:41:00','2014-11-12 21:00:00',13,13,'Dev is in progress -  update','2014-11-12 17:42:59','2014-11-20 13:35:23',1,0),(3161,13,1421,'2606',NULL,'2014-11-13 09:40:00','2014-11-13 18:30:00',131,131,'Start working on displaying error message in preferences page.','2014-11-13 04:23:03','2014-11-14 06:27:29',0,0),(3171,31,1421,'Nisum Planner',NULL,'2014-11-12 11:30:00','2014-11-12 21:19:00',81,81,'Working on SOW feature of nisum planner','2014-11-13 04:50:57','0000-00-00 00:00:00',1,0),(3181,13,1421,'2751',1,'2014-11-13 10:00:00','2014-11-13 13:00:00',81,81,'Started working on the  DOB issue','2014-11-13 04:53:36','0000-00-00 00:00:00',1,0),(3191,121,0,'',NULL,'2014-11-13 10:56:00','2014-11-13 20:00:00',231,231,'Self Learning on Require.Js','2014-11-13 05:27:50','0000-00-00 00:00:00',1,0),(3201,13,1421,'#2449,#3107',5,'2014-11-13 11:14:00','2014-11-13 15:00:00',141,141,'Testing and committing','2014-11-13 05:45:20','0000-00-00 00:00:00',1,0),(3211,51,1421,'Story B-02486',1,'2014-11-13 10:30:00','2014-11-13 19:30:00',71,71,'Need to make changes to the story as the AC updated and need to size and assign the owners to the next iteration stories and plan accordingly','2014-11-13 05:54:08','0000-00-00 00:00:00',1,0),(3221,41,1421,'2553,2546,2547',3,'2014-11-13 11:20:00','2014-11-13 18:30:00',91,91,'Working  on integration of data from backend , test cases and coverage.','2014-11-13 06:09:05','0000-00-00 00:00:00',1,0),(3231,31,0,'',NULL,'2014-11-13 11:41:00','2014-11-13 19:41:00',13,13,'Working/testing app NP','2014-11-13 06:11:43','0000-00-00 00:00:00',1,0),(3241,61,1421,'D-03700',5,'2014-11-13 11:00:00','2014-11-13 19:00:00',161,161,'Writing test cases for filter functionality','2014-11-13 06:15:39','0000-00-00 00:00:00',1,0),(3251,13,1421,'Updating the test-cases',4,'2014-11-13 10:40:00','2014-11-13 14:30:00',41,41,'The test-cases were deleted to fix an issue. so updating test-cases','2014-11-13 06:21:14','0000-00-00 00:00:00',1,0),(3261,13,1421,'3134',11,'2014-11-11 10:00:00','2014-11-11 19:00:00',51,51,'USL Section display in ie 8& 9 browsers','2014-11-13 06:26:07','2014-11-15 07:52:54',1,0),(3271,71,1421,'3070',3,'2014-11-13 10:00:00','2014-11-13 19:00:00',61,61,'MCOM: Coremetrics: Add Wallet to My Account Page','2014-11-13 06:26:37','0000-00-00 00:00:00',1,0),(3281,13,1421,'3134',11,'2014-11-12 11:00:00','2014-11-12 19:00:00',51,51,'USL section display in ie 8&9 browsers','2014-11-13 06:27:15','0000-00-00 00:00:00',1,0),(3291,13,1421,'defects and specs ',11,'2014-11-13 11:00:00','2014-11-13 19:00:00',51,51,'Working on defects and specs','2014-11-13 06:28:01','0000-00-00 00:00:00',1,0),(3301,13,1421,'13830',5,'2014-11-13 11:00:00','2014-11-13 12:00:00',111,111,'','2014-11-13 06:30:20','0000-00-00 00:00:00',1,0),(3311,13,1421,'13833',5,'2014-11-13 10:00:00','2014-11-13 11:00:00',111,111,'','2014-11-13 06:31:08','0000-00-00 00:00:00',1,0),(3321,31,0,'',NULL,'2014-11-10 10:00:00','2014-11-10 18:11:00',191,191,'','2014-11-13 06:41:33','0000-00-00 00:00:00',1,0),(3331,31,0,'',NULL,'2014-11-11 10:00:00','2014-11-11 18:00:00',191,191,'','2014-11-13 06:42:01','0000-00-00 00:00:00',1,0),(3341,31,0,'',NULL,'2014-11-12 10:00:00','2014-11-12 20:30:00',191,191,'','2014-11-13 06:42:54','0000-00-00 00:00:00',1,0),(3351,111,0,'',NULL,'2014-11-12 10:00:00','2014-11-12 19:00:00',31,31,'','2014-11-13 08:57:04','0000-00-00 00:00:00',1,0),(3361,111,0,'',NULL,'2014-11-14 10:00:00','2014-11-14 19:00:00',31,31,'','2014-11-13 08:57:23','0000-00-00 00:00:00',1,0),(3371,13,1421,'0',3,'2014-11-13 14:00:00','2014-11-13 19:34:00',121,121,'','2014-11-13 11:06:35','0000-00-00 00:00:00',1,0),(3381,13,1421,'0',3,'2014-11-12 17:36:00','2014-11-12 20:30:00',121,121,'Update url for shop now button in confirmation page','2014-11-13 11:09:58','0000-00-00 00:00:00',1,0),(3391,3,0,'',NULL,'2014-11-13 18:38:00','2014-11-13 19:38:00',81,81,'','2014-11-13 13:08:33','2014-11-14 07:24:36',0,0),(3401,31,0,'',NULL,'2014-11-13 18:38:00','2014-11-13 21:38:00',81,81,'','2014-11-13 13:09:26','2014-11-14 07:24:39',0,0),(3411,121,0,'',NULL,'2014-11-12 09:30:00','2014-11-12 19:45:00',171,171,'JQuery and RequireJS','2014-11-13 13:41:21','0000-00-00 00:00:00',1,0),(3421,81,0,'',NULL,'2014-11-13 10:03:00','2014-11-13 23:30:00',101,101,'Edge App screen changes','2014-11-13 13:46:34','0000-00-00 00:00:00',1,0),(3431,13,0,'',NULL,'2014-11-13 12:00:00','2014-11-13 19:30:00',101,101,'coding','2014-11-13 13:49:32','0000-00-00 00:00:00',1,0),(3441,131,0,'',11,'2014-11-13 11:00:00','2014-11-13 17:00:00',31,31,'Working on GWP indicator fix','2014-11-13 13:50:46','0000-00-00 00:00:00',1,0),(3451,31,0,'',NULL,'2014-11-13 20:08:00','2014-11-13 21:08:00',13,13,'testin in progress - db','2014-11-13 14:38:33','0000-00-00 00:00:00',1,0),(3461,13,1421,'3145',11,'2014-11-14 10:00:00','2014-11-14 15:30:00',131,131,'Earn points are not getting displayed on order confirmation page.','2014-11-14 05:05:48','0000-00-00 00:00:00',1,0),(3471,13,0,'',NULL,'2014-11-14 10:30:00','2014-11-14 13:30:00',101,101,'coding','2014-11-14 05:09:12','0000-00-00 00:00:00',1,0),(3481,61,1421,'D-03681',11,'2014-11-14 10:30:00','2014-11-14 20:00:00',161,161,'Working on test cases for wishlist view','2014-11-14 05:28:48','0000-00-00 00:00:00',1,0),(3491,13,1421,'working on defects',11,'2014-11-14 10:30:00','2014-11-14 16:30:00',41,41,'','2014-11-14 05:31:26','0000-00-00 00:00:00',1,0),(3501,13,1421,'working on defects',11,'2014-11-14 10:30:00','2014-11-14 16:30:00',41,41,'','2014-11-14 05:31:26','0000-00-00 00:00:00',1,0),(3511,13,1421,'working on defects',11,'2014-11-14 10:30:00','2014-11-14 16:30:00',41,41,'','2014-11-14 05:31:27','0000-00-00 00:00:00',1,0),(3521,13,1421,'working on defects',11,'2014-11-14 10:30:00','2014-11-14 16:30:00',41,41,'','2014-11-14 05:31:27','0000-00-00 00:00:00',1,0),(3531,13,1421,'working on defects',11,'2014-11-14 10:30:00','2014-11-14 16:30:00',41,41,'','2014-11-14 05:31:27','0000-00-00 00:00:00',1,0),(3541,13,1421,'working on defects',11,'2014-11-14 10:30:00','2014-11-14 16:30:00',41,41,'','2014-11-14 05:31:27','0000-00-00 00:00:00',1,0),(3551,13,1421,'working on defects',11,'2014-11-14 10:30:00','2014-11-14 16:30:00',41,41,'','2014-11-14 05:31:28','0000-00-00 00:00:00',1,0),(3561,13,1421,'working on defects',11,'2014-11-14 10:30:00','2014-11-14 16:30:00',41,41,'','2014-11-14 05:31:28','0000-00-00 00:00:00',1,0),(3571,121,0,'',NULL,'2014-11-14 11:11:00','2014-11-14 20:15:00',231,231,'Self learning on Require Js','2014-11-14 05:43:23','0000-00-00 00:00:00',1,0),(3581,3,1421,'#3107, #2449',4,'2014-11-13 15:11:00','2014-11-13 18:11:00',141,141,'Testing and committing','2014-11-14 06:43:51','0000-00-00 00:00:00',1,0),(3591,13,1421,'Defect #3150',3,'2014-11-14 11:11:00','2014-11-14 15:00:00',141,141,'Doing review comment changes','2014-11-14 06:48:54','0000-00-00 00:00:00',1,0),(3601,51,0,'',NULL,'2014-11-14 11:20:00','2014-11-14 19:30:00',71,71,'Hub Integration should be done for Paypal','2014-11-14 07:02:24','0000-00-00 00:00:00',1,0),(3611,31,0,'',NULL,'2014-11-14 12:00:00','2014-11-14 20:00:00',13,13,'Working on admin functionalities','2014-11-14 07:09:38','0000-00-00 00:00:00',1,0),(3621,13,1421,'Error Validation',3,'2014-11-14 10:30:00','2014-11-14 19:00:00',61,61,'Error Validation','2014-11-14 07:12:47','0000-00-00 00:00:00',1,0),(3631,13,1421,'0',4,'2014-11-14 11:30:00','2014-11-14 17:40:00',121,121,'testing usecases for disability of lookup section,  gift cards, credit card section.','2014-11-14 07:13:01','0000-00-00 00:00:00',1,0),(3641,71,1421,'Wallet Meeting',5,'2014-11-14 11:00:00','2014-11-14 23:40:00',61,61,'Wallet Meeting','2014-11-14 07:14:55','0000-00-00 00:00:00',1,0),(3651,3,0,'',NULL,'2014-11-14 12:53:00','2014-11-14 12:54:00',13,13,'testing db offset','2014-11-14 07:23:35','0000-00-00 00:00:00',1,0),(3661,31,0,'',NULL,'2014-11-14 12:53:00','2014-11-14 12:54:00',13,13,'testing db offset','2014-11-14 07:23:48','0000-00-00 00:00:00',1,0),(3671,121,0,'',NULL,'2014-11-13 10:30:00','2014-11-13 20:45:00',171,171,'JQuery and RequireJS','2014-11-14 08:48:10','0000-00-00 00:00:00',1,0),(3681,121,0,'JQuery Presentation',3,'2014-11-06 15:00:00','2014-11-06 16:00:00',171,171,'JQuery and RequireJS','2014-11-14 08:51:03','0000-00-00 00:00:00',1,0),(3691,121,0,'Training',3,'2014-11-06 16:00:00','2014-11-06 19:30:00',171,171,'JQuery and RequireJS','2014-11-14 08:52:03','0000-00-00 00:00:00',1,0),(3701,3,0,'',NULL,'2014-11-14 14:22:00','2014-11-14 17:22:00',81,81,'','2014-11-14 08:52:24','0000-00-00 00:00:00',1,0),(3711,31,0,'',NULL,'2014-11-13 10:59:00','2014-11-13 18:00:00',191,191,'','2014-11-14 09:28:58','0000-00-00 00:00:00',1,0),(3721,81,0,'',NULL,'2014-11-14 10:00:00','2014-11-14 11:30:00',191,191,'Logo update ','2014-11-14 09:30:04','0000-00-00 00:00:00',1,0),(3731,81,0,'',NULL,'2014-11-14 11:30:00','2014-11-14 14:00:00',191,191,'Edge App design updates','2014-11-14 09:31:37','0000-00-00 00:00:00',1,0),(3741,13,1421,'#3142',3,'2014-11-14 15:15:00','2014-11-14 16:45:00',141,141,'working on fixing the issue of removing GWP false item from bag, this is the blocker for fixing issue #3142','2014-11-14 11:30:05','0000-00-00 00:00:00',1,0),(3751,13,1421,'#3142',3,'2014-11-14 17:00:00','2014-11-14 19:00:00',141,141,'Working on defect of not updating the ordersummary and USL redeem sections on item remove','2014-11-14 11:32:59','0000-00-00 00:00:00',1,0),(3761,121,0,'',NULL,'2014-11-14 09:30:00','2014-11-14 18:30:00',171,171,'Training under JQuery and RequireJS','2014-11-17 04:45:05','0000-00-00 00:00:00',1,0),(3771,121,0,'',NULL,'2014-11-17 11:05:00','2014-11-17 20:05:00',231,231,'Self learning on Require Js, Patterns in Javascript','2014-11-17 05:37:30','0000-00-00 00:00:00',1,0),(3781,121,0,'',NULL,'2014-11-17 11:05:00','2014-11-17 20:05:00',231,231,'Self learning on Require Js, Patterns in Javascript','2014-11-17 05:37:30','0000-00-00 00:00:00',1,0),(3791,31,1111,'Charts using d3.js',3,'2014-11-17 10:00:00','2014-11-17 18:00:00',201,201,'','2014-11-17 05:52:06','0000-00-00 00:00:00',1,0),(3801,13,1421,'3054',3,'2014-11-17 09:50:00','2014-11-17 18:20:00',131,131,'Working on ie8 issue.','2014-11-17 05:58:15','0000-00-00 00:00:00',1,0),(3811,13,1421,'2637,2431',3,'2014-11-17 10:30:00','2014-11-17 17:00:00',41,41,'Stories as part of 3135 to be developed','2014-11-17 06:04:13','0000-00-00 00:00:00',1,0),(3821,13,1421,'Defect #3150, #3107',5,'2014-11-17 11:00:00','2014-11-17 16:30:00',141,141,'Implementing code review changes.','2014-11-17 06:05:16','0000-00-00 00:00:00',1,0),(3831,61,1421,'1163',1,'2014-11-17 10:45:00','2014-11-17 13:00:00',21,21,'Modifying filters logic to use backbone collection','2014-11-17 06:06:31','0000-00-00 00:00:00',1,0),(3841,61,1421,'1163',1,'2014-11-17 13:00:00','2014-11-17 20:30:00',21,21,'Modifying filter logic to use Backbone collections.','2014-11-17 06:07:18','0000-00-00 00:00:00',1,0),(3851,41,1421,'2547,2548,2549',4,'2014-11-14 11:30:00','2014-11-14 21:00:00',91,91,'Writing TestCases and Need to test the data that is coming from backend using various scenarios mentioned in the stories','2014-11-17 06:07:27','0000-00-00 00:00:00',1,0),(3861,61,1421,'Unavailable products displayed when we select available filter ( SIL )',3,'2014-11-17 10:30:00','2014-11-17 19:30:00',161,161,'Working on test case for wish list view functions','2014-11-17 06:08:06','2014-11-19 04:56:54',1,1),(3871,13,1421,'3134',11,'2014-11-17 10:30:00','2014-11-17 18:00:00',111,111,'Handlebar loading issue','2014-11-17 06:12:18','0000-00-00 00:00:00',1,0),(3881,13,1421,'FIxing remove item issue',3,'2014-11-17 16:15:00','2014-11-17 18:30:00',141,141,'Changing the logic of gwpIndicator issue on remove item from minibag, testing and committing','2014-11-17 11:19:54','0000-00-00 00:00:00',1,0),(3891,13,1421,'working on testcases ',3,'2014-11-17 17:30:00','2014-11-17 19:30:00',41,41,'','2014-11-17 14:01:01','0000-00-00 00:00:00',1,0),(3901,13,1421,'3145',4,'2014-11-18 09:45:00','2014-11-18 22:00:00',131,131,'Testing Bonus point section in checkout confirmation page.','2014-11-18 04:40:55','2014-11-18 07:58:08',1,1),(3911,13,1421,'3034',11,'2014-11-18 10:30:00','2014-11-18 12:30:00',41,41,'IE9 issue in preferences page','2014-11-18 05:28:25','0000-00-00 00:00:00',1,0),(3921,61,1421,'D-3700',11,'2014-11-18 10:35:00','2014-11-18 19:00:00',161,161,'The UI of the filter section in the WL page is not aligned properly','2014-11-18 05:29:02','2014-11-19 04:56:46',1,1),(3931,121,0,'',NULL,'2014-11-18 11:12:00','2014-11-18 20:12:00',231,231,'self learning on require.js, Java script patterns','2014-11-18 05:43:26','0000-00-00 00:00:00',1,0),(3941,51,1421,'Integration',3,'2014-11-18 10:30:00','2014-11-18 19:30:00',71,71,'UI code integration with HUB','2014-11-18 05:58:33','0000-00-00 00:00:00',1,0),(3951,13,1421,'Defect #3150',3,'2014-11-18 11:15:00','2014-11-18 16:00:00',141,141,'Working on issue mentioned by qa regarding updating the redeem amount value.','2014-11-18 06:21:11','0000-00-00 00:00:00',1,0),(3961,13,1421,'Defect #3150',3,'2014-11-18 11:15:00','2014-11-18 16:00:00',141,141,'Working on issue mentioned by qa regarding updating the redeem amount value.','2014-11-18 06:21:11','0000-00-00 00:00:00',1,0),(3971,13,1421,'Defect #3150',3,'2014-11-18 11:15:00','2014-11-18 16:00:00',141,141,'Working on issue mentioned by qa regarding updating the redeem amount value.','2014-11-18 06:21:11','0000-00-00 00:00:00',1,0),(3981,121,0,'',NULL,'2014-11-17 10:00:00','2014-11-17 20:00:00',171,171,'RequireJS','2014-11-18 06:30:00','0000-00-00 00:00:00',1,0),(3991,13,1421,'3162',11,'2014-11-18 13:30:00','2014-11-18 18:30:00',131,131,'Working on Date of Birth client side validation','2014-11-18 07:57:26','0000-00-00 00:00:00',1,0),(4001,13,0,'',NULL,'2014-11-18 16:15:00','2014-11-18 17:30:00',141,141,'','2014-11-18 10:58:04','2014-11-18 10:58:23',1,1),(4011,13,1421,'0',3,'2014-11-18 11:30:00','2014-11-18 18:30:00',121,121,'write specs for Lookupinterface','2014-11-18 11:22:52','0000-00-00 00:00:00',1,0),(4021,13,1421,'#3150',3,'2014-11-18 17:30:00','2014-11-18 19:30:00',141,141,'fixing the issue of allowing to two decimal points in redeem amount informed by QA.','2014-11-18 12:44:08','0000-00-00 00:00:00',1,0),(4031,13,0,'',NULL,'2014-11-18 10:30:00','2014-11-18 20:30:00',101,101,'Looking into the defects.','2014-11-18 15:26:27','0000-00-00 00:00:00',1,0),(4041,13,0,'',NULL,'2014-11-17 14:00:00','2014-11-17 20:30:00',101,101,'CSS issues.','2014-11-18 15:27:11','0000-00-00 00:00:00',1,0),(4051,61,1422,'D-03750',11,'2014-11-19 10:15:00','2014-11-19 19:00:00',161,161,'Unable to click the purchased filter checkbox in chrome browser','2014-11-19 05:07:16','0000-00-00 00:00:00',1,0),(4061,51,1422,'B-03107 ',3,'2014-11-19 10:40:00','2014-11-19 19:30:00',71,71,'Guest payment page: Credit card selection: expiry date fields should be grayed out to card types that are not applicable','2014-11-19 05:41:35','0000-00-00 00:00:00',1,0),(4071,13,1421,'working on phone prepopulating in preferences page',3,'2014-11-18 14:00:00','2014-11-18 16:00:00',41,41,'','2014-11-19 05:42:15','0000-00-00 00:00:00',1,0),(4081,13,1421,'checking new style guide style for overlays',3,'2014-11-18 16:30:00','2014-11-18 18:30:00',41,41,'','2014-11-19 05:43:11','0000-00-00 00:00:00',1,0),(4091,121,0,'',NULL,'2014-11-19 11:17:00','2014-11-19 20:17:00',231,231,'Self learning on UnderSore js, Require js. Task about implementation of carousel using jQuery.','2014-11-19 05:50:15','0000-00-00 00:00:00',1,0),(4101,13,1421,'#3150',4,'2014-11-19 11:20:00','2014-11-19 15:30:00',141,141,'Testing and committing of added review comment changes and decimal issue fix','2014-11-19 06:05:04','0000-00-00 00:00:00',1,0),(4111,61,1421,'3681, 3678',1,'2014-11-18 10:30:00','2014-11-18 20:30:00',21,21,'Worked on defects and re factored the filters code to avoid back end calls.','2014-11-19 06:29:09','0000-00-00 00:00:00',1,0),(4121,171,0,'',NULL,'2014-11-17 11:00:00','2014-11-17 19:00:00',13,13,'Personal work','2014-11-19 06:29:29','0000-00-00 00:00:00',1,0),(4131,171,0,'',NULL,'2014-11-18 11:00:00','2014-11-18 19:00:00',13,13,'Personal work','2014-11-19 06:29:50','0000-00-00 00:00:00',1,0),(4141,61,1422,'3751',11,'2014-11-19 11:00:00','2014-11-19 13:00:00',21,21,'','2014-11-19 06:31:48','0000-00-00 00:00:00',1,0),(4151,3,1422,'1163',1,'2014-11-19 14:00:00','2014-11-19 20:00:00',21,21,'Need to work on re factoring the filters code and additional test cases','2014-11-19 06:32:33','0000-00-00 00:00:00',1,0),(4161,111,0,'',NULL,'2014-11-18 10:00:00','2014-11-18 18:00:00',111,111,'','2014-11-19 06:36:53','0000-00-00 00:00:00',1,0),(4171,13,1421,'3231',11,'2014-11-19 10:00:00','2014-11-19 17:00:00',111,111,'','2014-11-19 06:39:05','0000-00-00 00:00:00',1,0),(4181,13,1422,'working on overlays implementation with new style guideline',3,'2014-11-19 10:30:00','2014-11-19 14:00:00',41,41,'','2014-11-19 06:39:10','0000-00-00 00:00:00',1,0),(4191,31,1111,'Dashboard',3,'2014-11-19 10:00:00','2014-11-19 13:00:00',201,201,'Dashboard Fixes','2014-11-19 08:39:41','0000-00-00 00:00:00',1,0),(4201,31,0,'',NULL,'2014-11-17 10:42:00','2014-11-17 19:42:00',81,81,'worked on planner issues','2014-11-19 10:12:53','0000-00-00 00:00:00',1,0),(4211,71,0,'',NULL,'2014-11-19 10:00:00','2014-11-19 23:42:00',81,81,'Looked after the changes needed to wallet','2014-11-19 10:13:38','0000-00-00 00:00:00',1,0),(4221,31,0,'',NULL,'2014-11-19 11:43:00','2014-11-19 15:43:00',81,81,'worked on billable section in dash board','2014-11-19 10:14:12','0000-00-00 00:00:00',1,0),(4231,13,1422,'worked on PO BOX defect',4,'2014-11-19 15:44:00','2014-11-19 18:44:00',81,81,'','2014-11-19 10:15:00','0000-00-00 00:00:00',1,0),(4241,31,0,'',NULL,'2014-11-19 12:00:00','2014-11-19 20:00:00',13,13,'Added billable check box to dashboard','2014-11-19 13:10:50','0000-00-00 00:00:00',1,0),(4251,81,0,'',NULL,'2014-11-19 10:30:00','2014-11-19 23:30:00',101,101,'OSI Updates for Candace','2014-11-19 13:34:32','0000-00-00 00:00:00',1,0),(4261,13,0,'',NULL,'2014-11-19 12:00:00','2014-11-19 19:30:00',101,101,'','2014-11-19 13:35:03','0000-00-00 00:00:00',1,0),(4271,13,1421,'#3150',3,'2014-11-19 15:45:00','2014-11-19 20:10:00',141,141,'Fixing IE8 issue of allowing only two decimals in redeem amount.','2014-11-19 14:41:39','0000-00-00 00:00:00',1,0),(4281,51,1422,'PP Radio Button',3,'2014-11-18 15:55:00','2014-11-18 18:00:00',31,31,'','2014-11-19 23:56:39','0000-00-00 00:00:00',1,0),(4291,13,1422,'working on myaccountpage console error and sending origin property to shopapp',3,'2014-11-19 14:30:00','2014-11-19 19:00:00',41,41,'','2014-11-20 04:36:37','0000-00-00 00:00:00',1,0),(4301,13,1421,'1533',3,'2014-11-20 10:00:00','2014-11-20 18:30:00',131,131,'Working on usl ID and invalid pin error message.','2014-11-20 04:54:49','0000-00-00 00:00:00',1,0),(4311,13,1421,'0',10,'2014-11-19 14:15:00','2014-11-19 19:30:00',121,121,'Add all i18n.js properties of confirmation page to checkoutOrderConfirm.js','2014-11-20 05:06:03','0000-00-00 00:00:00',1,0),(4321,61,1422,'Defect Testing',10,'2014-11-20 11:00:00','2014-11-20 19:00:00',161,161,'Testing code fixes for defects','2014-11-20 05:53:24','0000-00-00 00:00:00',1,0),(4331,121,0,'',NULL,'2014-11-20 11:33:00','2014-11-20 20:33:00',231,231,'self learning on require.js , underscore.js. Implement an overlay with form submit ','2014-11-20 06:05:20','0000-00-00 00:00:00',1,0),(4341,121,0,'',NULL,'2014-11-18 11:00:00','2014-11-18 20:00:00',171,171,'Trying understand the code and flow.','2014-11-20 06:32:32','0000-00-00 00:00:00',1,0),(4351,121,0,'',NULL,'2014-11-19 11:00:00','2014-11-19 20:00:00',171,171,'Trying to understand the code and flow','2014-11-20 06:33:07','0000-00-00 00:00:00',1,0),(4361,121,0,'',NULL,'2014-11-20 11:30:00','2014-11-20 20:30:00',171,171,'Handlebars examples','2014-11-20 06:33:40','0000-00-00 00:00:00',1,0),(4371,13,1422,'#3150',3,'2014-11-20 11:20:00','2014-11-20 16:30:00',141,141,'Working on fixing IE8 issue of allowing more than two decimals in redeem amount textbox.','2014-11-20 06:42:12','0000-00-00 00:00:00',1,0),(4381,13,1422,'testing new ui style guide for overlays in summary page and enroll page',9,'2014-11-20 10:30:00','2014-11-20 12:30:00',41,41,'','2014-11-20 08:49:43','0000-00-00 00:00:00',1,0),(4391,13,0,'',NULL,'2014-11-20 10:02:00','2014-11-20 23:02:00',81,81,'','2014-11-20 10:32:42','0000-00-00 00:00:00',1,0),(4401,151,0,'',NULL,'2014-11-20 11:02:00','2014-11-20 12:30:00',81,81,'','2014-11-20 10:32:56','0000-00-00 00:00:00',1,0),(4411,13,0,'',NULL,'2014-11-20 15:02:00','2014-11-20 16:02:00',81,81,'worked on Error messages changes and sent a mail to Srini','2014-11-20 10:33:37','0000-00-00 00:00:00',1,0),(4421,81,0,'',NULL,'2014-11-18 10:00:00','2014-11-18 18:00:00',191,191,'1. ECom components\n2.  Web site layout R&D','2014-11-20 10:53:05','0000-00-00 00:00:00',1,0),(4431,81,0,'',NULL,'2014-11-19 10:00:00','2014-11-19 18:00:00',191,191,'1. ECom components\n2.  Web site layout R&D','2014-11-20 10:53:57','0000-00-00 00:00:00',1,0),(4441,31,0,'',NULL,'2014-11-20 12:00:00','2014-11-20 20:00:00',13,13,'Updated dash baord for dynamic changes','2014-11-20 11:41:50','0000-00-00 00:00:00',1,0),(4451,13,1422,'3252',11,'2014-11-20 10:00:00','2014-11-20 18:00:00',111,111,'','2014-11-20 11:44:33','0000-00-00 00:00:00',1,0),(4461,13,1421,'#3150',3,'2014-11-20 16:45:00','2014-11-20 19:30:00',141,141,'Updating code for review comments.','2014-11-20 12:01:32','0000-00-00 00:00:00',1,0),(4471,3,123,'123',2,'2014-11-20 18:57:00','2014-11-20 18:59:00',13,13,'testing','2014-11-20 13:28:12','0000-00-00 00:00:00',1,0),(4501,3,0,'',NULL,'2014-11-19 19:03:00','2014-11-19 20:03:00',13,13,'testing eith out status','2014-11-20 13:33:53','0000-00-00 00:00:00',1,0),(4511,3,123213,'in dev',3,'2014-11-19 19:04:00','2014-11-19 20:04:00',13,13,'with status - in dev','2014-11-20 13:34:31','0000-00-00 00:00:00',1,0);
/*!40000 ALTER TABLE `logs` ENABLE KEYS */;
UNLOCK TABLES;

--
-- Table structure for table `logstatus`
--

DROP TABLE IF EXISTS `logstatus`;
/*!40101 SET @saved_cs_client     = @@character_set_client */;
/*!40101 SET character_set_client = utf8 */;
CREATE TABLE `logstatus` (
  `id` int(11) NOT NULL AUTO_INCREMENT,
  `name` varchar(256) NOT NULL,
  `description` varchar(256) DEFAULT NULL,
  PRIMARY KEY (`id`)
) ENGINE=InnoDB AUTO_INCREMENT=12 DEFAULT CHARSET=utf8;
/*!40101 SET character_set_client = @saved_cs_client */;

--
-- Dumping data for table `logstatus`
--

LOCK TABLES `logstatus` WRITE;
/*!40000 ALTER TABLE `logstatus` DISABLE KEYS */;
INSERT INTO `logstatus` VALUES (1,'Story Huddle','Story Huddle'),(2,'Design Review','Design review'),(3,'In Development','In development'),(4,'Unit Testing','Unit testing'),(5,'Code Review','Code review'),(6,'Testing Unit Level (WB)','Testing unit level (WB)'),(7,'Feature File','Feature file'),(8,'Step Definition','Step definition'),(9,'Test Code Review','Test code review'),(10,'Testing','Testing'),(11,'Defects Fixes','Defects fixes');
/*!40000 ALTER TABLE `logstatus` ENABLE KEYS */;
UNLOCK TABLES;

--
-- Table structure for table `myprojects`
--

DROP TABLE IF EXISTS `myprojects`;
/*!40101 SET @saved_cs_client     = @@character_set_client */;
/*!40101 SET character_set_client = utf8 */;
CREATE TABLE `myprojects` (
  `id` int(11) NOT NULL AUTO_INCREMENT,
  `projectid` int(11) NOT NULL,
  `userid` int(11) NOT NULL,
  `createddate` datetime NOT NULL,
  `editdate` datetime NOT NULL,
  `active` tinyint(1) NOT NULL DEFAULT '1',
  PRIMARY KEY (`id`),
  UNIQUE KEY `unique_index` (`projectid`,`userid`),
  UNIQUE KEY `projectid_2` (`projectid`),
  KEY `projectid` (`projectid`),
  KEY `userid` (`userid`),
  CONSTRAINT `myprojects_ibfk_1` FOREIGN KEY (`projectid`) REFERENCES `project` (`id`),
  CONSTRAINT `myprojects_ibfk_2` FOREIGN KEY (`userid`) REFERENCES `users` (`id`)
) ENGINE=InnoDB AUTO_INCREMENT=161 DEFAULT CHARSET=latin1;
/*!40101 SET character_set_client = @saved_cs_client */;

--
-- Dumping data for table `myprojects`
--

LOCK TABLES `myprojects` WRITE;
/*!40000 ALTER TABLE `myprojects` DISABLE KEYS */;
INSERT INTO `myprojects` VALUES (3,13,11,'2014-10-21 11:18:19','2014-11-19 17:27:35',0),(11,31,11,'2014-10-22 10:24:30','2014-11-20 11:17:27',1),(21,23,11,'2014-10-27 19:06:25','2014-11-17 06:27:33',0),(31,41,11,'2014-10-27 19:07:09','2014-11-19 17:27:42',0),(41,51,11,'2014-10-28 10:36:05','2014-11-19 17:27:44',0),(51,61,11,'2014-10-28 10:37:06','2014-11-19 17:27:47',0),(61,71,11,'2014-10-28 10:37:41','2014-11-19 17:27:50',0),(71,81,11,'2014-10-28 10:38:28','2014-11-11 11:02:00',0),(81,91,11,'2014-10-28 10:38:42','2014-11-18 07:42:32',0),(91,3,11,'2014-10-30 14:16:49','2014-10-31 08:01:43',0),(101,101,11,'2014-11-03 15:04:54','2014-11-10 18:54:46',0),(111,111,11,'2014-11-04 10:33:26','2014-11-14 07:11:18',0),(121,121,11,'2014-11-04 10:38:20','2014-11-11 18:19:12',0),(131,151,11,'2014-11-11 10:47:29','2014-11-11 11:01:50',0),(141,141,11,'2014-11-12 15:40:50','2014-11-20 11:17:23',0),(151,161,11,'2014-11-12 16:13:48','2014-11-19 17:27:55',1);
/*!40000 ALTER TABLE `myprojects` ENABLE KEYS */;
UNLOCK TABLES;

--
-- Table structure for table `project`
--

DROP TABLE IF EXISTS `project`;
/*!40101 SET @saved_cs_client     = @@character_set_client */;
/*!40101 SET character_set_client = utf8 */;
CREATE TABLE `project` (
  `id` int(11) NOT NULL AUTO_INCREMENT,
  `name` varchar(50) NOT NULL,
  `description` varchar(1000) DEFAULT NULL,
  `startdate` date DEFAULT NULL,
  `enddate` date DEFAULT NULL,
  `createddate` datetime NOT NULL,
  `editdate` datetime NOT NULL,
  `leadid` int(11) NOT NULL,
  `category` int(4) NOT NULL DEFAULT '1',
  `active` tinyint(1) NOT NULL DEFAULT '1',
  PRIMARY KEY (`id`),
  UNIQUE KEY `unique_index` (`name`,`leadid`),
  KEY `leadid` (`leadid`),
  CONSTRAINT `project_ibfk_1` FOREIGN KEY (`leadid`) REFERENCES `users` (`id`)
) ENGINE=InnoDB AUTO_INCREMENT=181 DEFAULT CHARSET=latin1;
/*!40101 SET character_set_client = @saved_cs_client */;

--
-- Dumping data for table `project`
--

LOCK TABLES `project` WRITE;
/*!40000 ALTER TABLE `project` DISABLE KEYS */;
INSERT INTO `project` VALUES (3,'User Profile Improvements (UPI)','BCOM UPI.','2014-10-01','2014-10-31','2014-10-21 11:17:05','2014-11-04 11:53:58',11,1,1),(13,'USL','Loyalty feature for MCOM customers ,','2014-09-01','2015-02-28','2014-10-21 11:18:08','2014-11-13 17:38:08',11,1,1),(23,'Same Day Delivery (SDD)','Same-Day Delivery is a new shipping method added to Checkout Items at MCOM','2014-06-19','2014-11-16','2014-10-21 17:50:53','2014-11-07 07:46:25',11,1,1),(31,'Nisum Planner','Team planner application that provides day-to-day activity details and effort went in to each project.','2014-10-01','2015-12-31','2014-10-22 10:23:49','2014-11-07 07:45:46',11,1,1),(41,'BLM Enhancements','BLM Enhancements - Calculation of Loyallist Points and Reward card when items added/updated/deleted from bag.','2014-10-01','2015-01-31','2014-10-27 12:13:48','2014-11-04 11:53:16',11,1,1),(51,'PayPal Integration','PayPal is a new payment option to the users for MCOM','2014-10-20','2014-12-31','2014-10-28 06:37:46','2014-11-05 10:15:38',11,1,1),(61,'ocWishlist','Wishlist is a updated functionality on shopapp page which shows the user , previously saved lists having favourite products details and allows the user to create new lists and add products to purchase later.','2014-06-14','2014-11-30','2014-10-28 06:38:16','2014-11-14 06:43:04',11,1,1),(71,'ocWallet phase-3','Wallet page site enchancemnets','2014-10-01','2014-12-31','2014-10-28 06:38:46','2014-11-04 11:56:45',11,1,1),(81,'OSI support','OSI related works (OSI, Numera, OCC etc.,)','2014-10-01','2014-12-31','2014-10-28 07:40:19','2014-11-04 11:54:16',11,1,1),(91,'Nisum Website and internal support','','2014-10-01','2014-12-31','2014-10-28 07:40:50','2014-11-04 11:55:37',11,1,1),(101,'Loyalty De-coupling','Loyalty Decouple project','2014-06-01','2014-09-10','2014-11-03 15:04:48','2014-11-04 11:56:09',11,1,1),(111,'Vacation','','2014-11-01','2015-12-31','2014-11-04 10:32:35','0000-00-00 00:00:00',1,0,1),(121,'Training','New developers under training. Or, people occupied in any training sessions.','2014-11-01','2015-12-31','2014-11-04 10:38:16','0000-00-00 00:00:00',11,1,1),(131,'SST support',NULL,'2014-11-01','2015-12-31','2014-11-05 11:13:21','0000-00-00 00:00:00',11,1,1),(141,'Code reviews',NULL,'2014-11-01','2015-12-31','2014-11-05 11:37:34','0000-00-00 00:00:00',11,1,1),(151,'Project Meetings','Projects meetings','2014-11-11','2015-12-31','2014-11-05 11:38:10','0000-00-00 00:00:00',1,0,1),(161,'CrediApp','Credit Application','2014-11-11','2014-11-29','2014-11-12 16:13:42','0000-00-00 00:00:00',11,1,1),(171,'Absence','Absence',NULL,NULL,'2014-11-19 06:28:29','0000-00-00 00:00:00',1,0,1);
/*!40000 ALTER TABLE `project` ENABLE KEYS */;
UNLOCK TABLES;

--
-- Table structure for table `projectresource`
--

DROP TABLE IF EXISTS `projectresource`;
/*!40101 SET @saved_cs_client     = @@character_set_client */;
/*!40101 SET character_set_client = utf8 */;
CREATE TABLE `projectresource` (
  `id` int(11) NOT NULL AUTO_INCREMENT,
  `projectid` int(11) NOT NULL,
  `userid` int(11) NOT NULL,
  `startdate` date NOT NULL,
  `enddate` date NOT NULL,
  `billable` tinyint(1) NOT NULL,
  `createddate` datetime NOT NULL,
  `editdate` datetime NOT NULL,
  `description` varchar(256) DEFAULT NULL,
  PRIMARY KEY (`id`),
  UNIQUE KEY `unique_index` (`projectid`,`userid`),
  KEY `projectresource_ibfk_1` (`projectid`),
  KEY `projectresource_ibfk_2` (`userid`),
  CONSTRAINT `projectresource_ibfk_1` FOREIGN KEY (`projectid`) REFERENCES `project` (`id`),
  CONSTRAINT `projectresource_ibfk_2` FOREIGN KEY (`userid`) REFERENCES `users` (`id`)
) ENGINE=InnoDB AUTO_INCREMENT=1091 DEFAULT CHARSET=latin1;
/*!40101 SET character_set_client = @saved_cs_client */;

--
-- Dumping data for table `projectresource`
--

LOCK TABLES `projectresource` WRITE;
/*!40000 ALTER TABLE `projectresource` DISABLE KEYS */;
INSERT INTO `projectresource` VALUES (131,81,101,'2014-10-28','2014-10-28',0,'2014-10-28 10:38:35','0000-00-00 00:00:00',NULL),(151,91,101,'2014-10-28','2014-10-28',0,'2014-10-28 15:29:54','0000-00-00 00:00:00',NULL),(301,101,81,'2014-11-03','2014-11-03',0,'2014-11-03 15:05:16','0000-00-00 00:00:00',NULL),(351,81,191,'2014-11-04','2014-11-04',0,'2014-11-04 09:46:35','0000-00-00 00:00:00',NULL),(371,121,171,'2014-11-04','2014-11-04',0,'2014-11-04 10:38:30','0000-00-00 00:00:00',NULL),(381,121,121,'2014-11-04','2014-11-04',0,'2014-11-04 10:38:42','0000-00-00 00:00:00',NULL),(411,101,13,'2014-11-04','2014-11-04',0,'2014-11-04 10:49:03','2014-11-04 10:49:13',NULL),(451,121,231,'2014-11-10','2014-11-10',0,'2014-11-07 07:41:41','2014-11-10 09:34:09',NULL),(511,91,51,'2014-11-11','2014-11-11',0,'2014-11-11 11:24:47','0000-00-00 00:00:00',NULL),(991,41,91,'2014-10-05','2015-01-31',0,'2014-11-14 06:33:58','0000-00-00 00:00:00',NULL),(1001,51,31,'2014-11-02','2015-01-03',0,'2014-11-14 06:39:18','0000-00-00 00:00:00',NULL),(1011,51,71,'2014-11-02','2015-01-03',0,'2014-11-14 06:39:49','0000-00-00 00:00:00',NULL),(1021,61,21,'2014-10-05','2015-01-03',0,'2014-11-14 06:44:15','0000-00-00 00:00:00',NULL),(1031,61,161,'2014-10-05','2015-01-03',0,'2014-11-14 06:44:34','0000-00-00 00:00:00',NULL),(1041,71,61,'2014-07-05','2015-01-03',0,'2014-11-14 06:46:19','0000-00-00 00:00:00',NULL),(1081,31,13,'2014-11-01','2014-11-30',0,'2014-11-20 11:17:38','0000-00-00 00:00:00','te');
/*!40000 ALTER TABLE `projectresource` ENABLE KEYS */;
UNLOCK TABLES;

--
-- Table structure for table `role`
--

DROP TABLE IF EXISTS `role`;
/*!40101 SET @saved_cs_client     = @@character_set_client */;
/*!40101 SET character_set_client = utf8 */;
CREATE TABLE `role` (
  `id` int(11) NOT NULL AUTO_INCREMENT,
  `name` varchar(50) NOT NULL,
  `description` varchar(50) DEFAULT NULL,
  `active` tinyint(1) NOT NULL DEFAULT '1',
  PRIMARY KEY (`id`),
  UNIQUE KEY `name` (`name`)
) ENGINE=InnoDB AUTO_INCREMENT=4 DEFAULT CHARSET=latin1;
/*!40101 SET character_set_client = @saved_cs_client */;

--
-- Dumping data for table `role`
--

LOCK TABLES `role` WRITE;
/*!40000 ALTER TABLE `role` DISABLE KEYS */;
INSERT INTO `role` VALUES (1,'ADMIN','BLAH BLAH',1),(2,'MANAGER','BLAH BLAH',1),(3,'USER','BLAH BLAH',1);
/*!40000 ALTER TABLE `role` ENABLE KEYS */;
UNLOCK TABLES;

--
-- Table structure for table `team`
--

DROP TABLE IF EXISTS `team`;
/*!40101 SET @saved_cs_client     = @@character_set_client */;
/*!40101 SET character_set_client = utf8 */;
CREATE TABLE `team` (
  `id` int(11) NOT NULL AUTO_INCREMENT,
  `name` varchar(50) NOT NULL,
  `description` varchar(50) DEFAULT NULL,
  `leadid` int(11) DEFAULT NULL,
  `createddate` datetime NOT NULL,
  `editdate` datetime NOT NULL,
  `active` tinyint(1) NOT NULL DEFAULT '1',
  PRIMARY KEY (`id`),
  UNIQUE KEY `name` (`name`),
  UNIQUE KEY `leadid_2` (`leadid`),
  KEY `leadid` (`leadid`),
  CONSTRAINT `team_ibfk_1` FOREIGN KEY (`leadid`) REFERENCES `users` (`id`)
) ENGINE=InnoDB AUTO_INCREMENT=11 DEFAULT CHARSET=latin1;
/*!40101 SET character_set_client = @saved_cs_client */;

--
-- Dumping data for table `team`
--

LOCK TABLES `team` WRITE;
/*!40000 ALTER TABLE `team` DISABLE KEYS */;
INSERT INTO `team` VALUES (1,'UI','UI TEAM',11,'2014-10-21 08:22:15','0000-00-00 00:00:00',1);
/*!40000 ALTER TABLE `team` ENABLE KEYS */;
UNLOCK TABLES;

--
-- Table structure for table `teamresource`
--

DROP TABLE IF EXISTS `teamresource`;
/*!40101 SET @saved_cs_client     = @@character_set_client */;
/*!40101 SET character_set_client = utf8 */;
CREATE TABLE `teamresource` (
  `id` int(11) NOT NULL AUTO_INCREMENT,
  `teamid` int(11) NOT NULL,
  `userid` int(11) NOT NULL,
  `description` varchar(50) DEFAULT NULL,
  PRIMARY KEY (`id`),
  UNIQUE KEY `userid` (`userid`),
  KEY `teamresource_ibfk_2` (`userid`),
  KEY `teamresource_ibfk_1` (`teamid`),
  CONSTRAINT `teamresource_ibfk_1` FOREIGN KEY (`teamid`) REFERENCES `team` (`id`),
  CONSTRAINT `teamresource_ibfk_2` FOREIGN KEY (`userid`) REFERENCES `users` (`id`)
) ENGINE=InnoDB AUTO_INCREMENT=261 DEFAULT CHARSET=latin1;
/*!40101 SET character_set_client = @saved_cs_client */;

--
-- Dumping data for table `teamresource`
--

LOCK TABLES `teamresource` WRITE;
/*!40000 ALTER TABLE `teamresource` DISABLE KEYS */;
INSERT INTO `teamresource` VALUES (3,1,13,NULL),(11,1,21,NULL),(31,1,41,NULL),(51,1,61,NULL),(61,1,71,NULL),(71,1,81,NULL),(81,1,91,NULL),(91,1,101,NULL),(111,1,121,NULL),(131,1,141,NULL),(141,1,161,NULL),(161,1,171,NULL),(171,1,131,NULL),(181,1,31,NULL),(191,1,111,NULL),(201,1,191,NULL),(211,1,201,NULL),(221,1,211,NULL),(231,1,221,NULL),(241,1,231,NULL),(251,1,51,NULL);
/*!40000 ALTER TABLE `teamresource` ENABLE KEYS */;
UNLOCK TABLES;

--
-- Table structure for table `userdetails`
--

DROP TABLE IF EXISTS `userdetails`;
/*!40101 SET @saved_cs_client     = @@character_set_client */;
/*!40101 SET character_set_client = utf8 */;
CREATE TABLE `userdetails` (
  `id` int(11) NOT NULL AUTO_INCREMENT,
  `userid` int(11) NOT NULL,
  `roleid` int(11) NOT NULL,
  `firstname` varchar(50) DEFAULT NULL,
  `lastname` varchar(50) DEFAULT NULL,
  `sex` varchar(50) DEFAULT NULL,
  `dob` date DEFAULT NULL,
  `contactno` varchar(20) DEFAULT NULL,
  `accesslevel` tinyint(4) NOT NULL DEFAULT '0',
  `createddate` datetime NOT NULL,
  `editdate` datetime NOT NULL,
  `active` tinyint(1) NOT NULL DEFAULT '1',
  PRIMARY KEY (`id`),
  UNIQUE KEY `USERID` (`userid`),
  KEY `userdetails_ibfk_1` (`userid`),
  KEY `userdetails_ibfk_3` (`roleid`),
  CONSTRAINT `userdetails_ibfk_1` FOREIGN KEY (`userid`) REFERENCES `users` (`id`),
  CONSTRAINT `userdetails_ibfk_3` FOREIGN KEY (`roleid`) REFERENCES `role` (`id`)
) ENGINE=InnoDB AUTO_INCREMENT=241 DEFAULT CHARSET=latin1;
/*!40101 SET character_set_client = @saved_cs_client */;

--
-- Dumping data for table `userdetails`
--

LOCK TABLES `userdetails` WRITE;
/*!40000 ALTER TABLE `userdetails` DISABLE KEYS */;
INSERT INTO `userdetails` VALUES (1,1,1,'Admin','Nisum','M','2014-10-01','0000000000',0,'2014-10-16 12:31:43','0000-00-00 00:00:00',1),(11,11,2,'Srikanth','Kata','M','2014-10-01','9999999999',0,'2014-10-21 08:21:05','0000-00-00 00:00:00',1),(13,13,3,'Sandeep','Gaddam','M','1980-10-24','8977300894',1,'2014-10-21 11:09:03','0000-00-00 00:00:00',1),(21,21,3,'Ramesh','Polishetti','M','1984-10-19','9701181405',1,'2014-10-26 08:45:50','0000-00-00 00:00:00',1),(31,31,3,'Mahesh','Dontula','M','1987-05-31','9966658030',1,'2014-10-26 17:00:46','2014-10-30 12:14:46',1),(41,41,3,'Marathi','Grishma','F','1992-01-08','8886084000',0,'2014-10-27 04:42:05','0000-00-00 00:00:00',1),(51,51,3,'Manoj','Thakur','M','1991-06-27','8885638287',0,'2014-10-27 04:43:10','2014-11-15 08:04:28',1),(61,61,3,'Venkatesh','Marugalla','M','1988-05-10','9030389822',0,'2014-10-27 04:52:41','0000-00-00 00:00:00',1),(71,71,3,'Srinivas','Ellandula','M','1989-02-26','7675878984',0,'2014-10-27 08:35:58','0000-00-00 00:00:00',1),(81,81,3,'saikumar','ponnuru','M','1988-05-10','9032870245',1,'2014-10-27 08:46:05','0000-00-00 00:00:00',1),(91,91,3,'Gangadhar','Vuyyuru','M','1986-12-17','9000418660',0,'2014-10-27 11:43:29','0000-00-00 00:00:00',1),(101,101,3,'Vanava Raju','Adabala','M','1985-01-01','9985558369',0,'2014-10-27 13:46:37','0000-00-00 00:00:00',1),(111,111,3,'ROOP','PADALA','M','1982-11-14','9542323033',1,'2014-10-28 09:57:12','2014-11-05 08:15:53',1),(121,121,3,'Sowjanya','Kopella','F','1990-02-14','9494914446',0,'2014-10-28 10:15:57','0000-00-00 00:00:00',1),(131,131,3,'Arti','Agrawal','F','1989-11-28','1231231234',0,'2014-10-28 11:24:45','2014-10-30 08:44:47',1),(141,141,3,'Raviteja','Panchagnula','M','1989-06-18','9492538028',0,'2014-10-29 10:05:00','2014-11-20 11:58:36',1),(151,161,3,'shiva shankar','Audam','M','1987-02-26','8886867695',0,'2014-10-29 10:06:22','0000-00-00 00:00:00',1),(161,171,3,'BAKKU PAVAN','KUMAR','M','0000-00-00','7386684307',1,'2014-10-30 05:50:00','0000-00-00 00:00:00',1),(171,181,1,'premchand','Anubrolu','M','1984-05-12','1111111111',0,'2014-10-30 22:47:59','0000-00-00 00:00:00',1),(181,191,3,'RamaRao','R','M','1978-03-11','9849352892',0,'2014-11-04 09:44:39','0000-00-00 00:00:00',1),(191,201,3,'Ramesh','Meduri','M','1981-01-27','9492877162',0,'2014-11-04 09:54:24','0000-00-00 00:00:00',1),(201,211,3,'Keerthi','Inavole','F','1984-01-01','1111111111',0,'2014-11-04 10:31:14','0000-00-00 00:00:00',1),(211,221,3,'VENKATA SAIKIRAN','KOKKU','M','0000-00-00','8121417187',0,'2014-11-04 11:33:57','0000-00-00 00:00:00',1),(221,231,3,'venkata sai kiran','kokku','M','0000-00-00','8121417187',0,'2014-11-07 06:50:29','0000-00-00 00:00:00',1),(231,241,2,'Srinivas','Gangapurkar','M','1974-04-09','4088585674',0,'2014-11-20 00:00:32','0000-00-00 00:00:00',1);
/*!40000 ALTER TABLE `userdetails` ENABLE KEYS */;
UNLOCK TABLES;

--
-- Table structure for table `users`
--

DROP TABLE IF EXISTS `users`;
/*!40101 SET @saved_cs_client     = @@character_set_client */;
/*!40101 SET character_set_client = utf8 */;
CREATE TABLE `users` (
  `id` int(11) NOT NULL AUTO_INCREMENT,
  `username` varchar(50) NOT NULL,
  `password` varchar(50) NOT NULL,
  PRIMARY KEY (`id`),
  UNIQUE KEY `username` (`username`)
) ENGINE=InnoDB AUTO_INCREMENT=251 DEFAULT CHARSET=latin1;
/*!40101 SET character_set_client = @saved_cs_client */;

--
-- Dumping data for table `users`
--

LOCK TABLES `users` WRITE;
/*!40000 ALTER TABLE `users` DISABLE KEYS */;
INSERT INTO `users` VALUES (1,'admin@nisum.com','d033e22ae348aeb5660fc2140aec35850c4da997'),(11,'skata@nisum.com','bb41f514afcbbc6bdc6fba201d92c610d9ef9763'),(13,'sgaddam@nisum.com','6c1f9442a69c8f5ba461f7b853a329c2c949c620'),(21,'rpolishetti@nisum.com','957b8cb5f7717357e6faa369a9a5ebef7af1a329'),(31,'mdontula@nisum.com','d8ec06b217d6c087fe7c00736fb00ec2b6632620'),(41,'gmarathi@nisum.com','bf373d82bd51735af9dcfbe4e5126a946c992e91'),(51,'mthakur@nisum.com','7c4a8d09ca3762af61e59520943dc26494f8941b'),(61,'vmarugalla@nisum.com','3c20e4347da9d6afceae3951bc42ee8441965240'),(71,'sellandula@nisum.com','4036f57732a648e71da3ac2c829c8239a16a4c5d'),(81,'sponnuru@nisum.com','e356e39805e103756082461e7cfc97d9c183577c'),(91,'gvuyyuru@nisum.com','0820b32b206b7352858e8903a838ed14319acdfd'),(101,'vadabala@nisum.com','66dee444b8e39dbfb74c7510c9cb74c393e3d301'),(111,'rpadala@nisum.com','e2187aee974340fd1d4c0bf346605ff3f5c973de'),(121,'skopella@nisum.com','9e92a27113911972bf84598d5606f1eddd33aa33'),(131,'aagrawal@nisum.com','8cb2237d0679ca88db6464eac60da96345513964'),(141,'rpanchagnula@nisum.com','a544daf30513173d8f5c759fc84ce65ad7506c3a'),(161,'saudam@nisum.com','e6adfc11d32a28f6210bb6020cbfaa005ae1eaf0'),(171,'pbakku@nisum.com','8514e1c9898fa8b3963eb993d21fe37e0248a0a8'),(181,'panubrolu@nisum.com','a544daf30513173d8f5c759fc84ce65ad7506c3a'),(191,'rrouthu@nisum.com','717741e99e135aa382912476608294f0a1d299d0'),(201,'rmeduri@nisum.com','8bec631ca5bdb048f76bad48e624776b2534cff7'),(211,'kinavole@nisum.com','15bda94f548ef8d74c11f30e1fdacc382f6a99dd'),(221,'skokku@nisum.com','34fb2c722e4306185cebeefbc6243de6fb2ff37a'),(231,'vkokku@nisum.com','34fb2c722e4306185cebeefbc6243de6fb2ff37a'),(241,'sgangapurkar@nisum.com','17d67bf26ca5a6e89d6f68c8f3dbbd93e60dd855');
/*!40000 ALTER TABLE `users` ENABLE KEYS */;
UNLOCK TABLES;

--
-- Dumping events for database 'nisumplanner'
--

--
-- Dumping routines for database 'nisumplanner'
--
/*!50003 DROP PROCEDURE IF EXISTS `editmyproject` */;
/*!50003 SET @saved_cs_client      = @@character_set_client */ ;
/*!50003 SET @saved_cs_results     = @@character_set_results */ ;
/*!50003 SET @saved_col_connection = @@collation_connection */ ;
/*!50003 SET character_set_client  = utf8 */ ;
/*!50003 SET character_set_results = utf8 */ ;
/*!50003 SET collation_connection  = utf8_general_ci */ ;
/*!50003 SET @saved_sql_mode       = @@sql_mode */ ;
/*!50003 SET sql_mode              = 'NO_AUTO_VALUE_ON_ZERO' */ ;
DELIMITER ;;
CREATE DEFINER=`root`@`localhost` PROCEDURE `editmyproject`(IN `_projectId` INT(11), IN `_userId` VARCHAR(50))
    COMMENT 'add r edit projects from my view'
BEGIN
START TRANSACTION;  	
	IF EXISTS (SELECT *  FROM myprojects WHERE userid = _userId and projectid = _projectId)	
        THEN
		UPDATE myprojects SET active = true, editdate = NOW() WHERE userid = _userId and projectid = _projectId;	
	ELSE 
	    INSERT INTO myprojects(projectid, userid, createddate) VALUES  (_projectId, _userId, now());
    END IF;	
COMMIT;
END ;;
DELIMITER ;
/*!50003 SET sql_mode              = @saved_sql_mode */ ;
/*!50003 SET character_set_client  = @saved_cs_client */ ;
/*!50003 SET character_set_results = @saved_cs_results */ ;
/*!50003 SET collation_connection  = @saved_col_connection */ ;
/*!50003 DROP PROCEDURE IF EXISTS `edituserdetails` */;
/*!50003 SET @saved_cs_client      = @@character_set_client */ ;
/*!50003 SET @saved_cs_results     = @@character_set_results */ ;
/*!50003 SET @saved_col_connection = @@collation_connection */ ;
/*!50003 SET character_set_client  = utf8 */ ;
/*!50003 SET character_set_results = utf8 */ ;
/*!50003 SET collation_connection  = utf8_general_ci */ ;
/*!50003 SET @saved_sql_mode       = @@sql_mode */ ;
/*!50003 SET sql_mode              = 'NO_AUTO_VALUE_ON_ZERO' */ ;
DELIMITER ;;
CREATE DEFINER=`root`@`localhost` PROCEDURE `edituserdetails`(IN `_id` INT(11), IN `_roleId` INT(11), IN `_firstName` VARCHAR(50), IN `_lastName` VARCHAR(50), IN `_sex` VARCHAR(5), IN `_dob` DATE, IN `_contact` VARCHAR(20), IN `_teamId` INT(11))
    COMMENT 'EDIT USER DETAILS'
BEGIN
START TRANSACTION;  	
	UPDATE userdetails SET roleid = _roleId, firstname = _firstName, lastname = _lastName, sex = _sex, dob = _dob, contactno = _contact, editdate = now() WHERE userid = _id;
	IF EXISTS (SELECT *  FROM teamresource WHERE userid = _id)	
        THEN
        IF _teamId > 0 THEN
			UPDATE teamresource SET teamid = _teamId WHERE userid = _id;
		ELSE
	    	DELETE FROM teamresource WHERE userid = _id;
    	END IF;	
    ELSEIF _teamId > 0 THEN
	    	INSERT INTO teamresource(teamid, userid) VALUES  (_teamId, _id);
    END IF;	
COMMIT;
END ;;
DELIMITER ;
/*!50003 SET sql_mode              = @saved_sql_mode */ ;
/*!50003 SET character_set_client  = @saved_cs_client */ ;
/*!50003 SET character_set_results = @saved_cs_results */ ;
/*!50003 SET collation_connection  = @saved_col_connection */ ;
/*!50003 DROP PROCEDURE IF EXISTS `mapuser` */;
/*!50003 SET @saved_cs_client      = @@character_set_client */ ;
/*!50003 SET @saved_cs_results     = @@character_set_results */ ;
/*!50003 SET @saved_col_connection = @@collation_connection */ ;
/*!50003 SET character_set_client  = utf8 */ ;
/*!50003 SET character_set_results = utf8 */ ;
/*!50003 SET collation_connection  = utf8_general_ci */ ;
/*!50003 SET @saved_sql_mode       = @@sql_mode */ ;
/*!50003 SET sql_mode              = 'NO_AUTO_VALUE_ON_ZERO' */ ;
DELIMITER ;;
CREATE DEFINER=`root`@`localhost` PROCEDURE `mapuser`(IN _teamId int(11), IN _userId int(11), IN _desc varchar(50) )
    COMMENT 'map user to team'
BEGIN
START TRANSACTION;  
	IF EXISTS (SELECT *  FROM teamresource WHERE userid = _userId)
	THEN
		UPDATE teamresource SET teamid = _teamId, description = _desc WHERE userid = _userId;
	ELSE 
	    INSERT INTO teamresource(teamid, userid, description) VALUES  (_teamId, _userId, _desc);
    END IF;
COMMIT;
END ;;
DELIMITER ;
/*!50003 SET sql_mode              = @saved_sql_mode */ ;
/*!50003 SET character_set_client  = @saved_cs_client */ ;
/*!50003 SET character_set_results = @saved_cs_results */ ;
/*!50003 SET collation_connection  = @saved_col_connection */ ;
/*!50003 DROP PROCEDURE IF EXISTS `saveuser` */;
/*!50003 SET @saved_cs_client      = @@character_set_client */ ;
/*!50003 SET @saved_cs_results     = @@character_set_results */ ;
/*!50003 SET @saved_col_connection = @@collation_connection */ ;
/*!50003 SET character_set_client  = utf8 */ ;
/*!50003 SET character_set_results = utf8 */ ;
/*!50003 SET collation_connection  = utf8_general_ci */ ;
/*!50003 SET @saved_sql_mode       = @@sql_mode */ ;
/*!50003 SET sql_mode              = 'NO_AUTO_VALUE_ON_ZERO' */ ;
DELIMITER ;;
CREATE DEFINER=`root`@`localhost` PROCEDURE `saveuser`(IN `_name` VARCHAR(50), IN `_password` VARCHAR(50), IN `_roleId` INT(11), IN `_firstName` VARCHAR(50), IN `_lastName` VARCHAR(50), IN `_sex` VARCHAR(5), IN `_dob` DATE, IN `_contact` VARCHAR(20), IN `_teamId` INT(11))
    COMMENT 'saving user n user datails'
BEGIN
declare _userId int(11); 
START TRANSACTION;  
	INSERT INTO users(username ,password ) VALUES (_name, _password);
	SET _userId = LAST_INSERT_ID();
	INSERT INTO userdetails(userid, roleid, firstname, lastname, sex, dob, contactno, createddate) VALUES (_userId, _roleId, _firstName, _lastName, _sex, _dob, _contact, now());
	IF _teamId > 0 THEN
		INSERT INTO teamresource(teamid, userid) VALUES  (_teamId, _userId);  
    END IF;
COMMIT;
END ;;
DELIMITER ;
/*!50003 SET sql_mode              = @saved_sql_mode */ ;
/*!50003 SET character_set_client  = @saved_cs_client */ ;
/*!50003 SET character_set_results = @saved_cs_results */ ;
/*!50003 SET collation_connection  = @saved_col_connection */ ;
/*!40103 SET TIME_ZONE=@OLD_TIME_ZONE */;

/*!40101 SET SQL_MODE=@OLD_SQL_MODE */;
/*!40014 SET FOREIGN_KEY_CHECKS=@OLD_FOREIGN_KEY_CHECKS */;
/*!40014 SET UNIQUE_CHECKS=@OLD_UNIQUE_CHECKS */;
/*!40101 SET CHARACTER_SET_CLIENT=@OLD_CHARACTER_SET_CLIENT */;
/*!40101 SET CHARACTER_SET_RESULTS=@OLD_CHARACTER_SET_RESULTS */;
/*!40101 SET COLLATION_CONNECTION=@OLD_COLLATION_CONNECTION */;
/*!40111 SET SQL_NOTES=@OLD_SQL_NOTES */;

-- Dump completed on 2014-11-20  5:40:58
